시군명,공동주택명정보,읍면동주소,지번주소,사용검사일자,층수,동수,세대수,의무관리대상여부,addr,x,y,lng,lat
의왕시,KT이자리에,오전동,333,2004-11-29,22,3,182,Y,경기도 의왕시 오전동 333,953557.781451749,1928041.69963887,126.97562390238785,37.35024902192283
의왕시,골드클래스,학의동,823-2,2019-05-03,16,8,420,N,경기도 의왕시 학의동 823-2,957109.109536009,1930673.93841674,127.01556786416455,37.374145792675954
의왕시,남양모란,오전동,358-19,1999-12-24,16,1,128,N,경기도 의왕시 오전동 358-19,953529.823673671,1928459.90041656,126.97528200909403,37.35401708072546
의왕시,뉴서울국화,오전동,838-3,1994-12-15,18,2,220,Y,경기도 의왕시 오전동 838-3,952799.765084006,1928974.01109952,126.96700610974504,37.358614162543326
의왕시,대명구름채,오전동,28,2004-12-21,23,6,518,Y,경기도 의왕시 오전동 28,952811.348472896,1929315.1928901,126.96711516272902,37.361689990369946
의왕시,대명솔채,오전동,887,2009-11-06,24,8,445,Y,경기도 의왕시 오전동 887,953155.636140008,1929075.61862815,126.9710180873182,37.359548040372296
의왕시,대영,포일동,537-6,1981-10-24,3,1,28,N,경기도 의왕시 포일동 537-6,953986.09730414,1932666.76764569,126.98017223116807,37.39195837305009
의왕시,대우이안,삼동,462-20,2003-09-22,25,9,688,Y,경기도 의왕시 삼동 462-20,951751.178658261,1925091.9429011,126.9554184848866,37.32356919082303
의왕시,대원칸타빌1단지,내손동,795,2002-10-19,18,4,394,Y,경기도 의왕시 내손동 795,953114.310190594,1931066.25006115,126.97042533803919,37.37748847266275
의왕시,대원칸타빌2단지,내손동,799,2002-10-19,20,4,322,Y,경기도 의왕시 내손동 799,953073.510863938,1930927.3805009,126.96997333527882,37.37623471193104
의왕시,동백,오전동,849,1995-12-16,19,12,1074,Y,경기도 의왕시 오전동 849,953171.273984218,1928742.40977288,126.971215739473,37.356545452313625
의왕시,동부새롬아파트,포일동,533-5,1997-11-20,23,1,269,Y,경기도 의왕시 포일동 533-5,954029.704008142,1932684.72728894,126.98066372906412,37.39212241612534
의왕시,동아에코빌,포일동,518,2001-06-25,23,5,541,Y,경기도 의왕시 포일동 518,954200.003927937,1932717.9913665,126.98258551102361,37.392430674357435
의왕시,동우,오전동,산219-1,1985-04-01,3,1,30,N,경기도 의왕시 오전동 산219-1,953413.729696865,1928178.16018451,126.97398890411517,37.3514717901922
의왕시,래미안에버하임,내손동,842,2009-03-31,25,10,696,Y,경기도 의왕시 내손동 842,953672.973646847,1932250.82660977,126.97666101097992,37.38819370305706
의왕시,모락산동문,오전동,886,2008-10-30,15,2,176,Y,경기도 의왕시 오전동 886,953611.569321881,1928198.4995282,126.97622137555987,37.351665030816505
의왕시,모락산현대,오전동,100,2002-11-05,24,19,1614,Y,경기도 의왕시 오전동 100,952999.824660264,1929327.85016151,126.96924267086763,37.36181364590441
의왕시,목련풍림,오전동,842,1994-10-05,18,2,354,Y,경기도 의왕시 오전동 842,953105.961455988,1928574.67551167,126.97048888787604,37.35503028030969
의왕시,무궁화선경,오전동,854,1995-08-30,19,4,370,Y,경기도 의왕시 오전동 854,953839.493734641,1928164.85823197,126.9787969025983,37.351373170971144
의왕시,미라보매화,오전동,104,1997-11-06,21,1,265,Y,경기도 의왕시 오전동 104,952898.342725804,1929102.97371035,126.9681110197545,37.35978157652467
의왕시,민들레,오전동,388-1,2000-06-23,22,5,369,Y,경기도 의왕시 오전동 388-1,953903.995032491,1927937.11224111,126.97953933741657,37.349323583835535
의왕시,반도보라1단지,내손동,771,2002-06-21,20,9,560,Y,경기도 의왕시 내손동 771,953623.159271148,1931045.31890933,126.97617388837564,37.37732540605816
의왕시,반도보라2단지,내손동,774,2002-06-21,20,9,766,Y,경기도 의왕시 내손동 774,953332.913896949,1930885.29576918,126.9729057890138,37.375868476372254
의왕시,백운,삼동,170-8,2001-12-14,8,1,25,N,경기도 의왕시 삼동 170-8,951439.337072677,1924492.61922541,126.95193812388219,37.31815091960716
의왕시,백운밸리레이크포레2단지,학의동,783-1,2020-01-20,16,4,250,N,경기도 의왕시 학의동 783-1,957086.441741883,1930471.29714159,127.01532360266091,37.372318229098184
의왕시,백운밸리레이크포레4단지,학의동,896,2020-01-20,16,6,344,N,경기도 의왕시 학의동 896,956082.226732765,1929976.25843904,127.0040115093084,37.36780916306067
의왕시,백합아파트,오전동,841,1994-03-29,19,5,460,Y,경기도 의왕시 오전동 841,953014.154419832,1928713.84130362,126.96944344644236,37.35628000632225
의왕시,삼성래미안,내손동,414,2001-04-16,22,7,586,Y,경기도 의왕시 내손동 414,953625.680439459,1932415.39430908,126.97611645617305,37.38967466171344
의왕시,삼성미도봉선화,오전동,313,1999-01-06,18,1,76,N,경기도 의왕시 오전동 313,953348.83213843,1928303.46740982,126.97324827462167,37.35259798773248
의왕시,삼신8차,삼동,130-11,1986-06-19,5,3,270,N,경기도 의왕시 삼동 130-11,951727.619125586,1924570.5361913,126.95518650810095,37.31886825099084
의왕시,삼신9차,오전동,산149-3,1986-12-23,4,6,296,N,경기도 의왕시 오전동 산149-3,953704.69287633,1928252.07656293,126.97726945885931,37.35215259918365
의왕시,삼호1차 한아름,삼동,115-1,1993-09-15,20,1,211,Y,경기도 의왕시 삼동 115-1,951794.385448239,1924302.08033355,126.95595745837852,37.316451980840114
의왕시,삼호2차 한아름,삼동,125,1994-02-01,20,1,267,Y,경기도 의왕시 삼동 125,951798.306871186,1924457.97091959,126.95599158653651,37.31785731014197
의왕시,삼호백조,오전동,358-1,1992-06-24,18,2,269,Y,경기도 의왕시 오전동 358-1,953570.175694305,1928281.25445821,126.9757488247508,37.352408873268125
의왕시,새천년미주,삼동,282-2,2000-06-26,20,4,299,Y,경기도 의왕시 삼동 282-2,951888.152890288,1925140.56824002,126.95696128733037,37.324014581860126
의왕시,세양청마루,내손동,401-1,2005-04-16,15,1,105,N,경기도 의왕시 내손동 401-1,953514.734523605,1932321.72892715,126.9748690541386,37.38882485381337
의왕시,솔거,왕곡동,600,1994-07-28,18,3,498,Y,경기도 의왕시 왕곡동 600,953750.742729489,1927322.72551321,126.97784741211403,37.34377816785776
의왕시,신미주해당화,오전동,233,2000-11-22,22,2,216,Y,경기도 의왕시 오전동 233,953245.632758868,1928962.34926936,126.9720414710421,37.35853162752361
의왕시,신안,오전동,216-1,1991-10-28,15,3,576,Y,경기도 의왕시 오전동 216-1,952845.213155837,1928879.22599247,126.96752533338625,37.35776212893701
의왕시,신안포은,왕곡동,602,1994-12-21,18,5,342,Y,경기도 의왕시 왕곡동 602,953889.562275686,1927393.24965682,126.97941023264816,37.344420746326726
의왕시,신양빌리지,고천동,516,1994-03-21,5,1,49,N,경기도 의왕시 고천동 516,953681.488697845,1927821.17902256,126.97703440699263,37.348267537904356
의왕시,신우(A동),삼동,166-22,1985-11-30,5,1,25,N,경기도 의왕시 삼동 166-22,951387.129714725,1924640.93905389,126.95133921170812,37.31948507432737
의왕시,신우5차(B동),삼동,168-7,1986-07-08,5,1,50,N,경기도 의왕시 삼동 168-7,951400.11625984,1924556.5574872,126.95149130324656,37.31872517811626
의왕시,신원수선화,오전동,24,2000-07-08,22,5,389,Y,경기도 의왕시 오전동 24,952652.232104212,1929726.83763838,126.96529206182426,37.36539223431706
의왕시,쌍용개나리,오전동,856,1994-07-29,15,2,166,Y,경기도 의왕시 오전동 856,954008.716281968,1927969.39726484,126.98071967515014,37.34961978170894
의왕시,쌍용충무,왕곡동,603,1994-03-17,18,4,332,Y,경기도 의왕시 왕곡동 603,953838.931446177,1927507.69428726,126.97883149955028,37.34544977967454
의왕시,영광,고천동,503-1,1990-05-21,15,1,157,Y,경기도 의왕시 고천동 503-1,953734.266791929,1927886.07662297,126.97762623002,37.3488551266287
의왕시,영광(저층),고천동,517,1989-12-29,5,1,35,N,경기도 의왕시 고천동 517,953692.354029529,1927833.2990086,126.97715632131477,37.34837732391073
의왕시,영동,삼동,192-244,2002-09-10,8,1,48,N,경기도 의왕시 삼동 192-244,951401.266509056,1924888.35732912,126.9514825499994,37.321715925236305
의왕시,오봉산마을 1단지,고천동,22433,2020-08-18,25,10,2200,N,경기도 의왕시 고천동 22433,,,,
의왕시,우미린,내손동,843,2009-08-12,20,3,166,Y,경기도 의왕시 내손동 843,953510.35978145,1932180.584492,126.97482851003416,37.38755243490828
의왕시,우성2차,삼동,178,1983-12-29,5,3,118,N,경기도 의왕시 삼동 178,951604.29862472,1924529.74192905,126.95379740237668,37.318494134395664
의왕시,우성4차,삼동,244-1,1985-08-24,5,3,180,N,경기도 의왕시 삼동 244-1,951781.276883197,1924793.95224576,126.95577755699043,37.3208848058779
의왕시,우성5차,삼동,146,1986-01-24,5,7,545,Y,경기도 의왕시 삼동 146,951522.109524003,1924311.36152802,126.95288410759302,37.31652147012515
의왕시,우성6차,삼동,146-71,1986-06-30,5,8,370,Y,경기도 의왕시 삼동 146-71,951395.268996603,1924219.82920649,126.95145865522673,37.315689813432705
의왕시,운양까치,삼동,121-6,1992-06-16,13,1,178,Y,경기도 의왕시 삼동 121-6,951730.633114389,1924306.8617272,126.95523767616665,37.31649176810258
의왕시,원효,왕곡동,599,1994-03-24,17,4,406,Y,경기도 의왕시 왕곡동 599,953693.303216641,1927437.73508918,126.97719175957765,37.34481194602071
의왕시,의왕내손이편한세상,내손동,846,2012-10-29,25,32,2422,Y,경기도 의왕시 내손동 846,953858.937525249,1931978.16632863,126.97877870883667,37.38574536714557
의왕시,의왕내손주공,내손동,791,2003-06-20,20,8,822,N,경기도 의왕시 내손동 791,953216.99927498,1931161.47633065,126.97157914592675,37.3783519795905
의왕시,의왕더?캐슬,오전동,52,2021-06-29,38,8,941,Y,경기도 의왕시 오전동 52,952551.647039796,1929198.2935434,126.96419005412194,37.360623071671164
의왕시,의왕백운 해링턴 플레이스 1단지,학의동,687-2,2019-03-30,16,18,958,Y,경기도 의왕시 학의동 687-2,956110.040389396,1930294.06266898,127.00430676760605,37.37067501729187
의왕시,의왕백운 해링턴 플레이스 2단지,학의동,704-1,2019-03-30,16,11,534,Y,경기도 의왕시 학의동 704-1,956156.264950108,1930347.28358241,127.00482565694507,37.371156912195225
의왕시,의왕백운 해링턴 플레이스 3단지,학의동,754-22,2019-03-30,16,4,182,Y,경기도 의왕시 학의동 754-22,956586.723415219,1930435.3374123,127.00968195707661,37.37197084203272
의왕시,의왕백운 해링턴 플레이스 4단지,학의동,754-20,2019-03-30,16,5,220,Y,경기도 의왕시 학의동 754-20,956619.611319726,1930384.18341222,127.01005638578017,37.37151130305793
의왕시,의왕백운 해링턴 플레이스 5단지,학의동,743-5,2019-03-30,16,10,586,Y,경기도 의왕시 학의동 743-5,956556.619863534,1930285.96041639,127.00935074219282,37.37062301772105
의왕시,의왕상록,내손동,790,2002-12-04,20,6,447,Y,경기도 의왕시 내손동 790,953383.59175493,1931118.11866407,126.97346349177609,37.377969568902124
의왕시,의왕서해그랑블,오전동,892,2018-11-22,42,4,536,Y,경기도 의왕시 오전동 892,953377.236287975,1928054.59277162,126.9735846456132,37.35035618078989
의왕시,의왕역 행복주택,삼동,160-27,2020-01-22,7,1,50,N,경기도 의왕시 삼동 160-27,951266.002647024,1924491.22457265,126.94998202309637,37.31812927234739
의왕시,의왕파크푸르지오,삼동,616,2019-01-18,24,12,1068,Y,경기도 의왕시 삼동 616,952488.013801325,1924521.66767632,126.96377128525353,37.318466972727514
의왕시,의왕푸르지오 포레움 1블럭,삼동,594,2020-02-03,24,2,194,Y,경기도 의왕시 삼동 594,952103.622282611,1924754.07165892,126.95941814681512,37.32054201704964
의왕시,의왕푸르지오 포레움 2블럭,삼동,607,2020-02-03,23,6,416,Y,경기도 의왕시 삼동 607,952135.360167167,1924642.10143351,126.95978356528846,37.31953440481412
의왕시,이화성원1차,오전동,230,2000-06-09,22,6,520,Y,경기도 의왕시 오전동 230,953050.747383637,1928955.72700004,126.96984129693281,37.35846209506633
의왕시,이화성원2차,오전동,104-20,1999-10-09,17,3,201,Y,경기도 의왕시 오전동 104-20,953014.062062604,1929056.27414929,126.96942067647412,37.359366518920076
의왕시,인덕원삼호,포일동,441-2,1993-03-23,15,7,684,Y,경기도 의왕시 포일동 441-2,954061.613012983,1933228.28580544,126.98099041760419,37.39702334011478
의왕시,인덕원푸르지오엘센트로,포일동,487-22,2020-06-29,43,12,1774,Y,경기도 의왕시 포일동 487-22,954340.12010375,1932928.32235667,126.98415538969324,37.394333400578816
의왕시,인스빌,왕곡동,592,1994-10-25,18,8,504,Y,경기도 의왕시 왕곡동 592,954030.028239812,1927652.09535242,126.98097998398613,37.34676082806114
의왕시,장미,삼동,462-32,1995-09-27,12,3,520,Y,경기도 의왕시 삼동 462-32,951783.3915915,1925003.17291545,126.95578782534781,37.322770732712094
의왕시,장안마을주공,삼동,556,2005-07-08,15,8,467,N,경기도 의왕시 삼동 556,951695.312576843,1924683.29515958,126.95481456251524,37.31988292847089
의왕시,진달래,오전동,21,1998-04-27,21,4,566,Y,경기도 의왕시 오전동 21,952705.940186201,1929881.4797915,126.96588869366411,37.36678883843037
의왕시,청계마을5단지,청계동,971,2007-07-11,12,7,244,N,경기도 의왕시 청계동 971,955819.300862401,1932593.92349085,127.00088589866796,37.39139101901573
의왕시,청계주공4단지,청계동,966,2007-09-18,15,8,339,Y,경기도 의왕시 청계동 966,955861.188112879,1932827.92844972,127.00134511536794,37.39350221642724
의왕시,청년이룸 1단지,포일동,678,2020-12-14,15,1,110,N,경기도 의왕시 포일동 678,955069.90345734,1933706.94130184,126.9923525178497,37.401387136487784
의왕시,청호,오전동,산148-1,1990-02-12,5,2,95,N,경기도 의왕시 오전동 산148-1,953809.78609394,1928111.81834239,126.97846479047915,37.350893616535245
의왕시,평촌삼성래미안,포일동,537-15,2000-05-29,12,1,70,N,경기도 의왕시 포일동 537-15,953920.83164992,1932714.17683622,126.97943198548289,37.39238245034793
의왕시,포일 숲속마을(1단지),포일동,658,2011-05-17,15,7,659,N,경기도 의왕시 포일동 658,954463.091290354,1933286.89306253,126.98552252007592,37.39757141610092
의왕시,포일 숲속마을(3단지),포일동,645,2011-09-15,15,7,366,Y,경기도 의왕시 포일동 645,954500.563110466,1933986.49427352,126.98590278622477,37.4038790811649
의왕시,포일 숲속마을(4단지),포일동,646,2011-11-18,15,9,510,Y,경기도 의왕시 포일동 646,954353.21683846,1933675.55731429,126.98425719405168,37.40106921610973
의왕시,포일숲속마을(2단지),포일동,652,2013-05-07,15,11,840,N,경기도 의왕시 포일동 652,954691.952829227,1933699.7675603,126.98808279748133,37.40130406552017
의왕시,포일숲속마을(5단지),포일동,649,2012-12-20,15,8,330,Y,경기도 의왕시 포일동 649,954647.412714331,1933935.60331771,126.98756509995222,37.40342758060749
의왕시,포일자이,내손동,844,2009-11-24,25,38,2540,Y,경기도 의왕시 내손동 844,953509.055071621,1931882.16218288,126.97483253341807,37.384862551600925
의왕시,푸른마을대우,포일동,523,2001-04-28,25,4,408,Y,경기도 의왕시 포일동 523,954133.297117653,1932823.83064954,126.98182536812496,37.393381352787316
의왕시,한광샤인빌리지,오전동,44790,2005-01-31,4,4,54,N,경기도 의왕시 오전동 44790,,,,
의왕시,한일나래아파트,포일동,533-1,1997-10-30,21,1,214,Y,경기도 의왕시 포일동 533-1,953969.804730304,1932730.51571338,126.97998420856497,37.39253215440555
의왕시,한진로즈힐,오전동,44223,2004-08-30,23,11,998,Y,경기도 의왕시 오전동 44223,,,,
의왕시,호수마을1단지,포일동,638,2009-07-10,21,8,450,Y,경기도 의왕시 포일동 638,953825.189813358,1932565.96271016,126.97836079360502,37.39104176714657
의왕시,호수마을2단지,포일동,643,2009-10-30,27,6,447,Y,경기도 의왕시 포일동 643,953959.462965888,1932592.2755832,126.9798759884506,37.39128561874387
의왕시,효성청솔,삼동,130-1,1997-09-09,20,4,472,Y,경기도 의왕시 삼동 130-1,951766.407195681,1924583.3980637,126.95562342522615,37.318986196629275
의왕시,휴먼시아 청계마을3단지,청계동,972,2007-07-11,15,7,506,N,경기도 의왕시 청계동 972,955702.873830147,1932696.42796323,126.99956451381718,37.392309383006186
의왕시,휴먼시아청계마을 1단지,청계동,982,2009-11-10,15,7,266,Y,경기도 의왕시 청계동 982,955389.888146429,1932503.20561757,126.99604042176415,37.390552760232424
의왕시,휴먼시아청계마을 6단지,청계동,980,2007-07-11,12,7,243,N,경기도 의왕시 청계동 980,955755.63789294,1932478.36937956,127.0001736315883,37.390346435469816
의왕시,휴먼시아청계마을2단지,청계동,976,2007-09-18,15,5,273,Y,경기도 의왕시 청계동 976,955575.072771814,1932534.97617999,126.99813046634944,37.39084802078711
의왕시,흥룡,삼동,242-1,1978-12-13,2,3,30,N,경기도 의왕시 삼동 242-1,951781.575336914,1924860.00707782,126.95577663207149,37.321480208733426
의정부시,DS더웰가,의정부동,127-5,2017-12-01,20,1,119,N,경기도 의정부시 의정부동 127-5,960239.316302548,1970634.74432644,127.0487544515308,37.73446422843874
의정부시,DS더웰가2,의정부동,386-10,2019-01-23,20,1,68,N,경기도 의정부시 의정부동 386-10,960199.484664657,1970217.20054298,127.04832527464902,37.73069916260888
의정부시,JS빌,의정부동,190-4,2013-10-16,10,1,40,N,경기도 의정부시 의정부동 190-4,960288.640295644,1971528.96528559,127.04926535121677,37.74252600299438
의정부시,LH부용마을3단지,낙양동,712,2013-10-11,15,11,913,N,경기도 의정부시 낙양동 712,964614.430576338,1972165.92452946,127.09833203703425,37.748444483390855
의정부시,LH양지마을 10단지,낙양동,735,2017-11-10,23,4,812,N,경기도 의정부시 낙양동 735,965554.015555274,1972940.15422409,127.10896048152497,37.755458533122884
의정부시,LH용암마을13단지,낙양동,156-1,2016-06-17,24,6,996,N,경기도 의정부시 낙양동 156-1,,,,
의정부시,LH휴스토리,낙양동,710,2016-08-03,24,10,812,N,경기도 의정부시 낙양동 710,964882.5495555,1972202.87776104,127.10137364929746,37.748787877575325
의정부시,SK뷰,가능동,656-1,2007-06-29,24,15,1019,Y,경기도 의정부시 가능동 656-1,959283.310774306,1972297.36087211,127.03781185902022,37.74940736382078
의정부시,e편한세상 녹양역,가능동,847,2019-06-28,29,6,416,Y,경기도 의정부시 가능동 847,959103.459958239,1972872.72287513,127.03573797603845,37.754585069292084
의정부시,e편한세상 신곡 포레스타뷰,신곡동,817,2020-08-11,29,14,1773,Y,경기도 의정부시 신곡동 817,961947.24362426,1971665.95657571,127.06808326987661,37.74383119416337
의정부시,e편한세상 신곡파크비스타,신곡동,816,2019-03-04,29,13,1561,Y,경기도 의정부시 신곡동 816,961752.564439163,1971040.98444947,127.06590652390301,37.738190178813824
의정부시,가능 수정,가능동,651-14,1986-12-12,5,2,100,N,경기도 의정부시 가능동 651-14,959585.891633616,1972061.15898174,127.04125959145824,37.74729189531219
의정부시,가능 신도,가능동,568-1,1994-08-29,15,1,135,N,경기도 의정부시 가능동 568-1,958080.45955922,1971658.65761715,127.02419519387085,37.743596413912925
의정부시,가능 희망,가능동,620-12,1985-11-23,5,2,45,N,경기도 의정부시 가능동 620-12,959351.174285952,1972579.55739531,127.0385663824063,37.751953816399485
의정부시,가능금용,가능동,15-25,1996-05-29,23,1,150,Y,경기도 의정부시 가능동 15-25,960293.973112353,1972266.31987768,127.04928557673652,37.749172019220204
의정부시,가재울일신건영휴먼빌아파트,가능동,15-552,2007-09-28,22,5,222,Y,경기도 의정부시 가능동 15-552,959958.893735391,1972648.04423692,127.0454610594574,37.75259789417117
의정부시,개나리연립,신곡동,597-1,1985-05-02,3,3,60,N,경기도 의정부시 신곡동 597-1,960985.563018007,1970728.65712811,127.0572183593002,37.735342783272955
의정부시,건영캐스빌,용현동,390-33,2006-06-19,25,1,223,Y,경기도 의정부시 용현동 390-33,962796.406901969,1971076.95450147,127.07775158776087,37.73855741162154
의정부시,고산 대방노블랜드 에듀파크,고산동 (서광로 210),-,2020-11-06,25,10,932,Y,경기도 의정부시 고산동 (서광로 210) -,965976.401027531,1970834.24170112,127.11385403884356,37.73649357666787
의정부시,고산3단지,고산동,의정부고산 S-3BL,2021-05-13,22,17,1331,Y,경기도 의정부시 고산동 의정부고산 S-3BL,964522.140391367953,1970042.92826876999,127.0973881032341,37.72930617835589
의정부시,고산센트레빌엔에이치에프,산곡동 (서광로 166),245-1,2020-01-20,25,12,1215,N,경기도 의정부시 산곡동 (서광로 166) 245-1,965925.015091766,1970247.35285218,127.11329836592434,37.73120197529309
의정부시,골든피아,용현동,295-1 외5,2014-02-17,4,2,88,N,경기도 의정부시 용현동 295-1 외5,963247.04223594,1971081.93737817,127.0828657717541,37.7386205324378
의정부시,공간라움,의정부동,"98-4, 5",2018-07-09,20,1,68,N,"경기도 의정부시 의정부동 98-4, 5",960268.732008075,1970594.19377484,127.04909049854021,37.734100022622144
의정부시,궁전,가능동,716-2,2005-03-05,10,1,36,N,경기도 의정부시 가능동 716-2,958787.576356534,1971962.02107658,127.03220381651434,37.74636275066209
의정부시,그랑베르,호원동,458-11,2016-03-24,15,1,156,Y,경기도 의정부시 호원동 458-11,960170.969124894,1967948.67012401,127.04812589575025,37.710251548734234
의정부시,금광포란재이너스,가능동,350-3,2008-07-04,22,4,265,Y,경기도 의정부시 가능동 350-3,958930.870014901,1972698.29858754,127.03378864012409,37.75300525294968
의정부시,금성연립,가능동,694,1980-12-17,2,2,22,N,경기도 의정부시 가능동 694,958321.074053824,1971819.15445762,127.02691697863892,37.74505396207364
의정부시,금오 KSC,금오동,286-4,1986-10-15,5,2,100,N,경기도 의정부시 금오동 286-4,961235.059584445,1972465.51979735,127.05995719269713,37.75100777675607
의정부시,금오 아남주상,금오동,374-1,1998-03-19,19,1,108,N,경기도 의정부시 금오동 374-1,960922.049520816,1972055.8335807,127.05642617714163,37.7473019499243
의정부시,금오2차신도브래뉴업,금오동,344-17,2007-11-23,25,14,1111,Y,경기도 의정부시 금오동 344-17,960860.728258233,1972113.54118962,127.05572702930495,37.74781944800363
의정부시,금오3단지주공그린빌,금오동,476-1,2003-08-27,20,11,820,Y,경기도 의정부시 금오동 476-1,962367.596088341,1972655.5163048,127.07280307801048,37.7527675173594
의정부시,금오4주공,신곡동,755-1,2003-08-08,20,6,606,Y,경기도 의정부시 신곡동 755-1,961310.240457444,1972002.95608495,127.06083522940891,37.74684186386662
의정부시,금오거성아파트,금오동,24473,1997-12-29,22,7,531,Y,경기도 의정부시 금오동 24473,,,,
의정부시,금오벽산블루밍,금오동,453-1,2005-04-12,24,4,455,Y,경기도 의정부시 금오동 453-1,962616.692308285,1972962.7427447,127.0756148899482,37.755546773499916
의정부시,금오상록아이파크,신곡동,767-2,2003-01-22,20,6,662,Y,경기도 의정부시 신곡동 767-2,962660.223020906,1972487.15961249,127.0761335036627,37.75126210618223
의정부시,금오세아,금오동,80-20,1992-12-31,20,2,250,Y,경기도 의정부시 금오동 80-20,962434.790275697,1973281.20402808,127.07353346600934,37.758409618674996
의정부시,금오신도브래뉴1차,금오동,370,2004-09-03,23,6,482,Y,경기도 의정부시 금오동 370,960808.667905637,1971986.94027576,127.05514293488615,37.7466761631029
의정부시,금오주공2단지,금오동,253-1,2005-08-05,15,4,463,N,경기도 의정부시 금오동 253-1,961305.700871679,1972846.03791405,127.06073878533984,37.75444038300237
의정부시,금오주공9단지,신곡동,790,2002-10-17,20,13,1450,N,경기도 의정부시 신곡동 790,963003.465910523,1972121.22310718,127.0800484053917,37.7479778529654
의정부시,금오주공그린빌1단지,금오동,468-1,2002-10-04,20,8,686,Y,경기도 의정부시 금오동 468-1,961481.576024295,1972387.52254438,127.06275960202684,37.75031520026197
의정부시,금오파스텔,금오동,78,1998-06-15,23,5,332,Y,경기도 의정부시 금오동 78,962478.981433217,1973407.67569637,127.07402860576448,37.75955132469208
의정부시,금오풍림아이원,신곡동,755-2,2005-02-24,20,6,606,Y,경기도 의정부시 신곡동 755-2,961466.75557642,1972096.99085185,127.06260678579632,37.74769600750076
의정부시,금오현대아이파크,금오동,469-4,2002-06-03,20,10,814,Y,경기도 의정부시 금오동 469-4,961820.247468717,1972540.55052375,127.06659587174488,37.75170864383676
의정부시,남성연립,가능동,15-14,1981-10-30,2,2,22,N,경기도 의정부시 가능동 15-14,960080.035072858,1972517.69005428,127.04684335842728,37.751428307494834
의정부시,노블리안 시티스타,의정부동,187-15,2019-06-05,19,1,261,Y,경기도 의정부시 의정부동 187-15,960259.885403945,1971615.91494469,127.04893422891273,37.74330843307634
의정부시,녹양LH 5단지,녹양동,404,2018-12-04,15,4,423,N,경기도 의정부시 녹양동 404,959632.616427312,1973828.05321867,127.04169172131637,37.76321895266552
의정부시,녹양대림,녹양동,373,2000-02-11,18,6,309,Y,경기도 의정부시 녹양동 373,958547.884386991,1973514.36737979,127.02939458139431,37.76034317824764
의정부시,녹양동원2차,녹양동,125-6,1995-05-15,9,2,162,Y,경기도 의정부시 녹양동 125-6,959235.498030605,1973078.24876672,127.03722530338118,37.756443364940154
의정부시,녹양동휴먼시아3단지,녹양동,401,2008-05-15,15,8,380,Y,경기도 의정부시 녹양동 401,959308.996471474,1973728.35177531,127.03802322318232,37.76230600085051
의정부시,녹양신도9차전원마을아파트,녹양동,374-1,2000-03-02,23,3,305,Y,경기도 의정부시 녹양동 374-1,958659.645079959,1973510.93384376,127.03066355571126,37.76031729157402
의정부시,녹양청구,녹양동,146-15,1994-12-26,18,3,409,Y,경기도 의정부시 녹양동 146-15,958794.921803096,1973135.48061023,127.03222061266408,37.756939449068696
의정부시,녹양현대,녹양동,80,1990-12-01,15,6,606,Y,경기도 의정부시 녹양동 80,959174.166760221,1973394.11040467,127.03651130601519,37.75928748243366
의정부시,녹양휴먼시아1단지,녹양동,409,2008-04-30,15,6,858,N,경기도 의정부시 녹양동 409,959332.029862956,1973496.96234076,127.03829768350684,37.760221518875994
의정부시,녹양휴먼시아2단지,녹양동,411-1,2008-04-30,15,4,315,N,경기도 의정부시 녹양동 411-1,959508.74891071,1973518.59285092,127.04030270392597,37.760424316796254
의정부시,녹양휴먼시아4단지,녹양동,405,2008-05-15,15,6,332,Y,경기도 의정부시 녹양동 405,959563.254500322,1973666.79715007,127.04091323208426,37.76176249073412
의정부시,녹양힐스테이트,녹양동,355,2006-08-25,25,15,1196,Y,경기도 의정부시 녹양동 355,958936.920246158,1973035.40295802,127.0338382564299,37.75604383882135
의정부시,대가트라움,의정부동,9-49,2020-08-25,19,1,64,N,경기도 의정부시 의정부동 9-49,960581.891182163,1971814.83110273,127.05257822463454,37.745115197381
의정부시,대광로제비앙,낙양동,736,2018-10-25,29,4,420,Y,경기도 의정부시 낙양동 736,965701.426574624,1973033.0693118,127.11062950405945,37.75630152329214
의정부시,대광로제비앙 더 퍼스트,산곡동,290-7,2020-04-13,25,9,722,Y,경기도 의정부시 산곡동 290-7,965719.156387279,1970290.50772952,127.11096018264377,37.731583248079794
의정부시,대봉주택(도시형),의정부동,167-14,2012-10-11,10,1,88,N,경기도 의정부시 의정부동 167-14,960091.343124845,1970549.52149355,127.04707982533553,37.73368967242235
의정부시,대상센트럴,의정부동,187-5,2018-05-02,20,1,51,N,경기도 의정부시 의정부동 187-5,960290.108295772,1971602.66886789,127.0492779847201,37.743190358214676
의정부시,대신연립,가능동,679-3,1982-03-11,3,3,42,N,경기도 의정부시 가능동 679-3,958922.604718163,1972077.91767249,127.03372990329977,37.747413398343696
의정부시,더샵파크에비뉴,가능동,224-44,2021-07-26,26,6,420,Y,경기도 의정부시 가능동 224-44,958712.174246407,1971489.38353895,127.03137482442457,37.74209947318695
의정부시,더포레지아,호원동,226-57,2020-08-26,4,6,48,N,경기도 의정부시 호원동 226-57,959873.790938228,1967212.89335137,127.0447949667937,37.70360697551034
의정부시,동남연립,가능동,626-17,1985-09-10,3,3,36,N,경기도 의정부시 가능동 626-17,959449.754164095,1972624.55634432,127.03968288664643,37.75236376716184
의정부시,동명연립,가능동,585,1987-01-27,3,5,72,N,경기도 의정부시 가능동 585,958010.706059327,1971607.81945273,127.02340642487526,37.74313501192068
의정부시,동원1차아파트,가능동,106-21,1993-07-15,21,2,406,Y,경기도 의정부시 가능동 106-21,959325.868465751,1973060.37416775,127.03825219487118,37.75628628534326
의정부시,동진연립,신곡동,435-3,1985-12-27,3,3,78,N,경기도 의정부시 신곡동 435-3,961218.342870897,1970711.34703001,127.05986107022359,37.73519666032638
의정부시,동화,의정부동,288,1995-11-30,26,1,414,Y,경기도 의정부시 의정부동 288,959392.033517535,1970154.10731995,127.03916573771262,37.73009503712176
의정부시,드림밸리,신곡동,758-1,2002-12-27,20,12,927,Y,경기도 의정부시 신곡동 758-1,961868.717852347,1972179.2636291,127.06716504506355,37.74845437767078
의정부시,드림타운(도시형),의정부동,167-16,2012-09-28,10,1,88,N,경기도 의정부시 의정부동 167-16,960092.345275935,1970530.16182057,127.04709226121528,37.73351522687067
의정부시,드림팰리스,호원2동,414-2,2021-07-01,10,1,36,N,경기도 의정부시 호원2동 414-2,960151.602489337,1969823.557145,127.04780347551073,37.727149157781675
의정부시,디베뉴스타,의정부동,166-4,2020-05-22,24,1,199,Y,경기도 의정부시 의정부동 166-4,960141.969271833,1970549.96042163,127.04765433693562,37.73369583458711
의정부시,라움M,의정부동,145-4외3,2018-05-29,19,1,125,N,경기도 의정부시 의정부동 145-4외3,960543.079065872,1971015.82527452,127.05218108169576,37.73791206815273
의정부시,럭스타워,의정부동,493-7,2019-07-31,19,1,170,Y,경기도 의정부시 의정부동 493-7,959642.564905317,1971000.42200424,127.04196178890855,37.737733967937835
의정부시,롯데캐슬골드파크1단지,의정부동,721,2018-11-21,27,10,919,Y,경기도 의정부시 의정부동 721,959146.33945526,1970058.96019488,127.03638294042386,37.72922654176786
의정부시,롯데캐슬골드파크2단지,의정부동,720,2018-11-21,27,11,931,Y,경기도 의정부시 의정부동 720,959079.042428938,1970303.35682888,127.03560550460045,37.731426286948334
의정부시,르네상스시티,호원동,468-4,2017-01-17,13,1,176,Y,경기도 의정부시 호원동 468-4,960111.143171253,1967283.69623858,127.04748361234925,37.70425549100484
의정부시,리버카운티,의정부1동,44581,2021-06-25,20,1,51,N,경기도 의정부시 의정부1동 44581,,,,
의정부시,리안빌라,금오동,421-28,2020-06-24,6,2,16,N,경기도 의정부시 금오동 421-28,960980.237079043,1972466.59462738,127.0570645793967,37.75100662920455
의정부시,맥스타워,의정부동,166-12,2013-06-20,19,1,297,Y,경기도 의정부시 의정부동 166-12,960132.043677452,1970596.51658382,127.04753914187447,37.734115014223825
의정부시,메트로타워,의정부동,167-1,2018-06-20,19,1,176,Y,경기도 의정부시 의정부동 167-1,960083.850633729,1970601.27045572,127.04699195434962,37.73415576043446
의정부시,메트하임 의정부,의정부동,44855,2020-06-03,23,1,196,Y,경기도 의정부시 의정부동 44855,,,,
의정부시,목화연립,가능동,610-10,1986-12-20,3,1,21,N,경기도 의정부시 가능동 610-10,959174.212469829,1972682.35556947,127.03655184470722,37.752872453173175
의정부시,문화 늘푸른,가능동,641-15,2004-04-16,10,1,47,N,경기도 의정부시 가능동 641-15,959729.78930541,1972318.96395729,127.04287863269815,37.74962183693761
의정부시,미리온(도시형),의정부동,44635,2012-10-30,15,1,146,N,경기도 의정부시 의정부동 44635,,,,
의정부시,민락 금강펜테리움아파트,낙양동,709,2016-12-28,26,9,716,Y,경기도 의정부시 낙양동 709,964716.945717966,1972407.35383575,127.09948395062591,37.75062446092655
의정부시,민락 우미린더스카이,민락동,889,2018-08-23,34,7,732,Y,경기도 의정부시 민락동 889,965866.872177115,1972354.32588256,127.1125395692001,37.750190149779186
의정부시,민락15단지,민락동,895,2013-11-18,20,9,530,Y,경기도 의정부시 민락동 895,966205.442991409,1972740.23113659,127.1163648010703,37.75368091541957
의정부시,민락e편한세상,민락동,550-4,2006-05-22,22,7,474,Y,경기도 의정부시 민락동 550-4,964095.027774385,1971063.29635719,127.0924908292315,37.73848618443183
의정부시,민락노블랜드,낙양동,758,2018-12-11,25,10,792,N,경기도 의정부시 낙양동 758,965521.670199428,1972749.25557332,127.10860236091848,37.75373673213754
의정부시,민락라디언트캐슬,낙양동,746,2018-07-16,26,9,992,N,경기도 의정부시 낙양동 746,966095.705503492,1973107.37723223,127.11510194577843,37.756985968129364
의정부시,민락센트럴17단지,민락동,891,2013-11-18,20,5,312,Y,경기도 의정부시 민락동 891,966055.074351192,1972581.50333982,127.11466527382474,37.75224472137691
의정부시,민락아크로빌 A동,민락동,611-19,2020-07-21,11,1,20,N,경기도 의정부시 민락동 611-19,964007.84057194,1971056.31779628,127.09150165295402,37.73841986110573
의정부시,민락아크로빌 B동,민락동,611-2,2020-07-21,10,1,25,N,경기도 의정부시 민락동 611-2,963993.649603199,1971076.36000086,127.09133960119173,37.738599944669296
의정부시,민락아크로빌 C동,민락동,611-5,2020-07-21,9,1,28,N,경기도 의정부시 민락동 611-5,963967.959587333,1971076.04839853,127.09104805011063,37.738596124983886
의정부시,민락엘레트19단지,민락동,890,2017-11-16,25,11,1540,Y,경기도 의정부시 민락동 890,966133.529579113,1972326.72010402,127.11556774127781,37.74995124832919
의정부시,민락주공2단지,민락동,695-1,1999-08-25,20,11,860,Y,경기도 의정부시 민락동 695-1,964502.379344569,1971165.9100537,127.09710901244055,37.73942694191972
의정부시,반도유보라 아이비파크,낙양동,763,2017-09-22,21,13,939,Y,경기도 의정부시 낙양동 763,965144.053859928,1972384.75150986,127.10433325217228,37.75043711996095
의정부시,발곡풍림한국아파트,신곡동,727-1,1998-12-29,20,14,1582,Y,경기도 의정부시 신곡동 727-1,961332.057665253,1969900.62123284,127.06119472486994,37.727894362112416
의정부시,베르우스,의정부동,"163-8,11,12",2018-05-18,20,1,128,N,"경기도 의정부시 의정부동 163-8,11,12",960121.151269573,1970747.66492568,127.04740723488212,37.735476843504465
의정부시,베르우스M,용현동,44840,2019-04-16,20,1,201,Y,경기도 의정부시 용현동 44840,,,,
의정부시,부성파인,의정부동,nan,2018-08-21,20,1,136,N,경기도 의정부시 의정부동 nan,960118.522326444974,1971140.60934794997,127.04735583642197,37.73901834544113
의정부시,브라운빌리지,민락동,896,2015-12-15,24,5,371,N,경기도 의정부시 민락동 896,966297.189763685,1972924.78091961,127.11739772181846,37.755347662001526
의정부시,브라운스톤흥선,가능동,224-191,2008-01-29,23,9,673,Y,경기도 의정부시 가능동 224-191,958595.188965104,1971433.04014143,127.0300502694507,37.74158636422253
의정부시,비비르파크,의정부동,138-15,2013-11-01,15,1,180,Y,경기도 의정부시 의정부동 138-15,960187.509062377,1970770.896606,127.04815904824973,37.735689120291646
의정부시,산들마을1단지아파트,민락동,691-1,2000-04-08,20,17,1830,Y,경기도 의정부시 민락동 691-1,964124.219488112,1971483.80205349,127.092801376584,37.74227737678314
의정부시,산들마을2단지서광청구,민락동,692-1,1999-11-30,20,10,838,Y,경기도 의정부시 민락동 692-1,964419.616032634,1971443.63534952,127.09615608760697,37.7419268861413
의정부시,산들마을4단지,민락동,694,1999-10-29,18,12,928,Y,경기도 의정부시 민락동 694,964598.509750057,1971367.06140804,127.09819024909504,37.74124365854163
의정부시,산장연립,금오동,270-13,1986-02-08,3,7,87,N,경기도 의정부시 금오동 270-13,961124.193737871,1972911.8716378,127.05867483120159,37.75502604560969
의정부시,삼도세라믹,신곡동,686,1993-08-17,15,4,480,Y,경기도 의정부시 신곡동 686,961283.97504105,1971465.26507129,127.06056575441353,37.74199452925436
의정부시,삼성래미안진흥아파트,신곡동,767-1,2002-11-16,20,9,832,Y,경기도 의정부시 신곡동 767-1,962488.682874612,1972404.93164671,127.07419054348932,37.750513963974356
의정부시,삼환나우빌,장암동,14-126,2008-01-25,18,2,162,Y,경기도 의정부시 장암동 14-126,961450.075844626,1969587.81463596,127.06255054717204,37.72507999600308
의정부시,서하뜰,호원동,458-6,2018-10-25,17,1,70,N,경기도 의정부시 호원동 458-6,960195.18763465,1967970.1798842,127.0483994787486,37.71044647028592
의정부시,서해,신곡동,353-43,1998-07-31,25,11,1483,Y,경기도 의정부시 신곡동 353-43,961262.648800313,1970263.64125404,127.06038774974576,37.731163345017315
의정부시,송산주공1차,용현동,547-3,2002-08-16,20,18,1551,Y,경기도 의정부시 용현동 547-3,963182.17641147,1972270.26174179,127.08206936308297,37.74932835506931
의정부시,송산주공2단지아파트,민락동,731-2,2002-06-03,20,11,835,Y,경기도 의정부시 민락동 731-2,963613.322055967,1971767.22704989,127.08698851226801,37.74481172823091
의정부시,송산주공4단지,민락동,757-4,2002-06-18,20,9,735,Y,경기도 의정부시 민락동 757-4,963891.630904782,1970566.51462825,127.09020707904762,37.73400065090455
의정부시,송산주공5단지뜨란채,민락동,731-3,2000-10-16,20,4,320,Y,경기도 의정부시 민락동 731-3,963779.482490432,1971785.3937141,127.08887358640767,37.74498205884054
의정부시,송산주공6단지,민락동,735-1,2000-10-16,20,3,220,Y,경기도 의정부시 민락동 735-1,963683.89904003,1971625.67717205,127.08779666160837,37.74353873508549
의정부시,송산주공7단지,민락동,736-1,2002-08-22,20,6,442,Y,경기도 의정부시 민락동 736-1,963725.082959296,1971294.40275484,127.08828064447844,37.740554571758985
의정부시,송산푸르지오,민락동,735-5,2005-01-24,21,7,706,Y,경기도 의정부시 민락동 735-5,963748.923650314,1971486.08666828,127.08854166610152,37.74228317595602
의정부시,수락리버시티1단지,장암동,413,2009-08-26,15,12,680,Y,경기도 의정부시 장암동 413,960519.060687614,1965682.6078924,127.05219787916126,37.68984240772648
의정부시,수락리버시티2단지,장암동,412,2009-08-26,15,10,473,Y,경기도 의정부시 장암동 412,960694.126162119,1965680.0230797,127.05418359723062,37.68982663368733
의정부시,스마트트라움,의정부동,220-59,2019-04-26,23,1,60,N,경기도 의정부시 의정부동 220-59,960225.000976606,1971682.73779724,127.04853463008118,37.74390919246522
의정부시,스카이파크,의정부동,436-4외2,2015-04-10,15,1,84,N,경기도 의정부시 의정부동 436-4외2,959937.383820455,1971337.41556579,127.04528917160121,37.740784250401205
의정부시,스타파크빌,가능동,590-27,2018-06-08,6,4,130,N,경기도 의정부시 가능동 590-27,957776.416498857,1971361.94152823,127.0207615276958,37.74090813696358
의정부시,승윤노블리안시티,의정부동,377-2,2016-03-14,19,1,219,Y,경기도 의정부시 의정부동 377-2,960147.259611747,1970318.69723548,127.04772705347546,37.731611683177825
의정부시,시민주상복합,의정부동,44834,2010-10-20,15,1,49,N,경기도 의정부시 의정부동 44834,,,,
의정부시,신곡 신성(2차),신곡동,482,1994-05-25,15,1,147,N,경기도 의정부시 신곡동 482,961296.020125228,1971316.02113237,127.06071041432503,37.74064989851362
의정부시,신곡 신일2차,신곡동,451-6,1998-12-21,20,1,119,N,경기도 의정부시 신곡동 451-6,961507.392222674,1970843.62240145,127.06313444206572,37.73640106669652
의정부시,신곡 클래식,신곡동,519-21,1989-06-10,5,2,84,N,경기도 의정부시 신곡동 519-21,961498.019197398,1971817.75078169,127.06297645166505,37.74518052572659
의정부시,신곡2차성원,신곡동,473-2,1998-01-09,24,3,377,Y,경기도 의정부시 신곡동 473-2,961226.347684952,1971191.15806548,127.05992631708351,37.73952155396318
의정부시,신곡건영,신곡동,471,1999-06-05,25,5,832,Y,경기도 의정부시 신곡동 471,961452.297720211,1971207.44833712,127.06248987462601,37.739677924974984
의정부시,신곡극동동성,신곡동,669,1995-06-19,18,10,1188,Y,경기도 의정부시 신곡동 669,961146.421072644,1971860.22825578,127.0589834111815,37.745548511881736
의정부시,신곡극동클래스,신곡동,167-20,2006-01-26,24,6,447,Y,경기도 의정부시 신곡동 167-20,962170.819084295,1971059.87711346,127.07065244450455,37.73837784492384
의정부시,신곡대우,신곡동,167-1,2000-03-30,24,7,466,Y,경기도 의정부시 신곡동 167-1,962292.062339627,1971058.22707899,127.0720285620239,37.73836797710261
의정부시,신곡동신아파트,신곡동,682,1993-09-07,15,6,462,Y,경기도 의정부시 신곡동 682,960839.344599432,1971396.23893789,127.05552297317374,37.74135347316019
의정부시,신곡부용,신곡동,681-2,1994-10-10,15,2,210,Y,경기도 의정부시 신곡동 681-2,960818.734771731,1971570.74028664,127.05527964624603,37.74292537565343
의정부시,신곡삼부,신곡동,687,1994-07-30,16,2,184,Y,경기도 의정부시 신곡동 687,961081.572710924,1971336.79923509,127.05827539278926,37.740828076300964
의정부시,신곡삼환,신곡동,685-1,1994-05-07,17,4,300,Y,경기도 의정부시 신곡동 685-1,961197.980642102,1971650.6214049,127.05957982917114,37.74366150830204
의정부시,신곡성원1차,신곡동,169-20,1993-10-23,17,5,525,Y,경기도 의정부시 신곡동 169-20,962356.695214644,1970947.97447232,127.07276781379879,37.73737692571194
의정부시,신곡신동아파밀리에,신곡동,580,2004-09-18,25,7,547,Y,경기도 의정부시 신곡동 580,960904.777857186,1971146.85098632,127.05627904359329,37.739108530707895
의정부시,신곡신성벽산,신곡동,685,1993-11-26,18,7,660,Y,경기도 의정부시 신곡동 685,961292.36758296,1971717.39716828,127.06064757628826,37.74426735816239
의정부시,신곡신일1차,신곡동,456,1997-12-19,20,7,452,Y,경기도 의정부시 신곡동 456,961447.602625516,1970861.60296102,127.0624549341912,37.73656060946772
의정부시,신곡은하수,신곡동,684,1994-10-27,16,10,816,Y,경기도 의정부시 신곡동 684,961043.481343492,1971427.3694997,127.0578382113772,37.74164276772441
의정부시,신곡주공3단지,신곡동,34213,2005-08-31,18,2,322,N,경기도 의정부시 신곡동 34213,,,,
의정부시,신곡주공4단지,신곡동,754,2001-10-30,25,10,957,Y,경기도 의정부시 신곡동 754,961116.038208563,1971070.14467762,127.05868083436741,37.73842617559209
의정부시,신곡추동아파트,신곡동,687-1,1994-09-27,15,3,594,Y,경기도 의정부시 신곡동 687-1,961067.032086644,1971212.97230188,127.05811699546258,37.73971140186559
의정부시,신곡현대,신곡동,164-1,1990-12-10,15,2,408,Y,경기도 의정부시 신곡동 164-1,962201.169247329,1970943.7073667,127.07100294117168,37.73733205542132
의정부시,신곡효자벽산,신곡동,486-13,1994-06-14,24,2,297,Y,경기도 의정부시 신곡동 486-13,961422.596538706,1971373.14222012,127.06214398352891,37.74117007801446
의정부시,신도101,호원동,448-1,2000-07-25,20,1,140,N,경기도 의정부시 호원동 448-1,960059.918699657,1968550.63744479,127.04683298450793,37.71567227987479
의정부시,신도10차파크힐타운,용현동,290-1,2001-10-18,21,6,613,Y,경기도 의정부시 용현동 290-1,963109.666193173,1971172.53696285,127.08130203687685,37.73943158411465
의정부시,신도2차,의정부동,396-1,1995-10-17,19,2,297,Y,경기도 의정부시 의정부동 396-1,960291.27446488,1970089.25563616,127.04937390644025,37.72954997722046
의정부시,신도3차,의정부동,397-12,1995-11-18,19,2,197,Y,경기도 의정부시 의정부동 397-12,960427.727563652,1970028.61217487,127.05092567262434,37.729009304420984
의정부시,신도브래뉴,용현동,291-1,2006-01-31,23,10,734,Y,경기도 의정부시 용현동 291-1,963353.478825176,1971206.74963997,127.08406746931627,37.73974974176826
의정부시,신도아크라티움,의정부동,490,2009-12-29,29,1,84,N,경기도 의정부시 의정부동 490,959275.784824594,1971015.50227355,127.03779828349597,37.737853637838086
의정부시,신동아파라디움,가능동,754,2006-05-18,15,1,195,Y,경기도 의정부시 가능동 754,959515.762519103,1971109.37765153,127.0405166133064,37.73871038558346
의정부시,신명스카이뷰 101동,신곡동,108-14,2002-10-29,20,1,129,N,경기도 의정부시 신곡동 108-14,961747.599503182,1971786.78195084,127.06581091280405,37.74491187202976
의정부시,신명스카이뷰 102동,신곡동,108-15,2004-07-20,8,1,32,N,경기도 의정부시 신곡동 108-15,961784.05447002,1971819.82210292,127.06622295093887,37.7452111874876
의정부시,신일유토빌플러스,호원동,461,2004-11-16,23,11,864,Y,경기도 의정부시 호원동 461,960310.118796394,1967730.39607899,127.04971645580635,37.708290269798304
의정부시,신한헤스티아,의정부동,497-4,2013-03-28,19,1,238,Y,경기도 의정부시 의정부동 497-4,959911.991417606,1970934.31707467,127.04502321266222,37.7371500052027
의정부시,쌍용더플래티넘고산엔에이치에프,산곡동 (서광로 186),-,2020-01-10,25,6,638,N,경기도 의정부시 산곡동 (서광로 186) -,965917.869538809,1970463.50125329,127.11320714205928,37.73314987755211
의정부시,쌍용스윗닷홈,호원동,313-37,2005-08-30,15,1,128,N,경기도 의정부시 호원동 313-37,959739.163172882,1969415.65525863,127.04314586532121,37.723454678558376
의정부시,아이콘스타 로데오,의정부동,44638,2019-07-16,27,1,198,Y,경기도 의정부시 의정부동 44638,,,,
의정부시,아이콘스타 리버뷰,의정부동,44614,2019-07-16,25,1,231,Y,경기도 의정부시 의정부동 44614,,,,
의정부시,아이콘스타 센트럴,의정부동,35827,2019-07-16,25,1,263,Y,경기도 의정부시 의정부동 35827,,,,
의정부시,애디안주상복합,용현동,275-2,2018-05-21,17,1,60,N,경기도 의정부시 용현동 275-2,963401.744213111,1970881.95348509,127.08463161787814,37.736824264808575
의정부시,양우내안애팰리스,호원동,114-2,2013-08-16,7,1,145,N,경기도 의정부시 호원동 114-2,960045.450911594,1968001.39094017,127.04669899459742,37.71072125853011
의정부시,양지마을8단지,낙양동,218-7,2012-12-12,15,15,1161,N,경기도 의정부시 낙양동 218-7,,,,
의정부시,엘리시아,호원동,460-13,2018-11-07,20,1,255,Y,경기도 의정부시 호원동 460-13,960208.193039897,1967723.47796159,127.04856051450787,37.70822349470134
의정부시,연정연립,가능동,746-31,1981-08-19,2,4,32,N,경기도 의정부시 가능동 746-31,959308.634923273,1971484.34465418,127.0381448525356,37.742080778156875
의정부시,영무예다음,녹양동,146-38,2007-02-26,15,1,144,N,경기도 의정부시 녹양동 146-38,958781.872685741,1973081.57707866,127.03207553754348,37.756453029978516
의정부시,오성EQ빌,가능동,44757,2016-04-04,15,1,63,N,경기도 의정부시 가능동 44757,,,,
의정부시,용암마을16단지,낙양동,192,2012-12-12,15,6,625,N,경기도 의정부시 낙양동 192,,,,
의정부시,용현 금용,용현동,14580,1996-12-28,19,2,143,N,경기도 의정부시 용현동 14580,,,,
의정부시,용현 보광,용현동,402-1,1990-10-30,5,4,200,N,경기도 의정부시 용현동 402-1,962704.564758188,1970724.97521566,127.07672729834468,37.73538126367966
의정부시,용현 산호,용현동,235-63,1988-05-18,5,2,95,N,경기도 의정부시 용현동 235-63,963384.456462133,1970583.00502732,127.08445047712603,37.73412913037266
의정부시,용현 장미1차,용현동,12055,1989-08-09,5,3,90,N,경기도 의정부시 용현동 12055,,,,
의정부시,용현 장미2차,용현동,12114,1990-07-27,5,2,60,N,경기도 의정부시 용현동 12114,,,,
의정부시,용현그랜드,용현동,38,1998-03-30,19,2,269,Y,경기도 의정부시 용현동 38,963601.314538241,1970566.18303106,127.08691238123318,37.73398616253267
의정부시,용현동건영아파트,용현동,391-19,1998-07-31,25,9,930,Y,경기도 의정부시 용현동 391-19,962929.715563494,1970882.61016685,127.07927447241475,37.73681118466506
의정부시,용현동문1단지,용현동,227,1991-08-10,11,2,80,N,경기도 의정부시 용현동 227,963468.248970253,1970245.74172452,127.08541836386287,37.731092699700525
의정부시,용현동문2단지,용현동,222-4,1991-08-10,11,2,80,N,경기도 의정부시 용현동 222-4,963390.108384476,1970307.73240733,127.0845284827413,37.731648304388955
의정부시,용현동신도브래뉴PLUS,용현동,271-4,2006-11-29,23,10,383,Y,경기도 의정부시 용현동 271-4,963320.073232305,1970917.95725291,127.08370290628712,37.73714549932988
의정부시,용현세아1차,용현동,390,1990-12-05,13,2,202,Y,경기도 의정부시 용현동 390,962753.55078578,1970962.73043321,127.07727105141433,37.7375261603328
의정부시,용현세아2차,용현동,404-2,1996-12-19,20,2,237,Y,경기도 의정부시 용현동 404-2,962880.907031926,1970689.11914481,127.0787304203546,37.73506525985083
의정부시,용현현대1차,용현동,46,1992-07-31,17,7,986,Y,경기도 의정부시 용현동 46,963615.145508182,1970361.40420996,127.08707959472443,37.732141025576006
의정부시,용현현대2차,용현동,221-3,1996-07-01,22,4,388,Y,경기도 의정부시 용현동 221-3,963306.598549194,1970346.26196919,127.08357884004957,37.731992230210416
의정부시,우남푸르미아,호원동,452-2,2009-04-16,15,1,91,N,경기도 의정부시 호원동 452-2,960215.380259285,1968238.3322947,127.04861390448593,37.71286422187332
의정부시,우미쁘띠린1차 도시형생활주택,의정부동,199-3,2014-02-26,15,1,298,Y,경기도 의정부시 의정부동 199-3,960159.424378949,1971450.70469016,127.04780304877859,37.74181502176512
의정부시,우미쁘띠린2차 도시형생활주택,의정부동,199-10,2014-02-28,15,1,298,Y,경기도 의정부시 의정부동 199-10,960185.455664787,1971456.45857565,127.04809818433755,37.741868014710235
의정부시,우암센스뷰,금오동,66,2004-07-23,19,2,202,Y,경기도 의정부시 금오동 66,962775.525449092,1973455.52461792,127.07739269463029,37.759994708189694
의정부시,우주마루6차,의정부동,191-4,2018-07-18,19,1,65,N,경기도 의정부시 의정부동 191-4,960255.513227745,1971480.41161431,127.04889201666151,37.742086949618546
의정부시,웰링턴,용현동,276-2,2020-01-07,23,1,200,Y,경기도 의정부시 용현동 276-2,963487.9378325,1970871.41857178,127.08561036980124,37.73673275587368
의정부시,유성벨로스,가능동,653-25,2008-03-04,13,1,95,N,경기도 의정부시 가능동 653-25,959677.711551284,1972315.63725588,127.04228768173482,37.74958955923855
의정부시,의정부 남해오네뜨,의정부동,487-4,2014-06-17,20,1,288,Y,경기도 의정부시 의정부동 487-4,959298.223256601,1971088.57830822,127.03804884937527,37.73851327101114
의정부시,의정부 민락 푸르지오,낙양동,757,2015-07-15,29,9,943,Y,경기도 의정부시 낙양동 757,965641.822422294,1972481.23732522,127.1099789789258,37.75132558634055
의정부시,의정부 민락청구1차,민락동,576,2000-12-21,25,10,868,Y,경기도 의정부시 민락동 576,964246.30211434,1970960.37086629,127.09421276539015,37.73756443214459
의정부시,의정부 한원힐트리움-더테라스,의정부동,184-3,2019-12-23,25,1,288,Y,경기도 의정부시 의정부동 184-3,960379.565461465,1971538.83797021,127.05029680880125,37.74261892748542
의정부시,의정부IB타워,의정부동,496-4,2013-10-22,15,1,208,Y,경기도 의정부시 의정부동 496-4,959921.984847014,1970977.90641709,127.04513422551604,37.73754331446121
의정부시,의정부송산3,민락동,735-3,2003-08-04,20,3,390,N,경기도 의정부시 민락동 735-3,963838.476064732,1971655.4942444,127.08954965170439,37.743813600725126
의정부시,의정부신명아파트,신곡동,98,2000-10-30,25,9,814,Y,경기도 의정부시 신곡동 98,961480.435387939,1971658.53768865,127.062785310383,37.74374479329314
의정부시,의정부역 진산월드메르디앙,의정부동,378-1,2020-12-04,26,1,79,N,경기도 의정부시 의정부동 378-1,960221.150485849,1970340.96223291,127.04856436946426,37.73181557248795
의정부시,의정부역 코아루 퍼스트원,의정부동,499-6,2020-10-05,24,1,298,Y,경기도 의정부시 의정부동 499-6,959921.419819104,1970845.43964419,127.04513511787822,37.73634936416299
의정부시,의정부일성트루엘,의정부동,527,2014-12-18,15,4,203,Y,경기도 의정부시 의정부동 527,959106.852164066,1970819.52085506,127.03589205780462,37.7360797225177
의정부시,이든타워,의정부동,442,2018-03-20,16,1,127,N,경기도 의정부시 의정부동 442,959827.163884657,1971145.01973432,127.04404884758524,37.73904535182073
의정부시,이름없음,금오동,270-6,2020-07-29,10,2,22,N,경기도 의정부시 금오동 270-6,961044.622725415,1972917.82762903,127.05777123186333,37.75507634114512
의정부시,이안더메트로,의정부동,208-2,2021-06-25,20,1,170,Y,경기도 의정부시 의정부동 208-2,959994.90964992,1971504.46204196,127.04593287403658,37.742292359326946
의정부시,일심,가능동,725-25,2003-09-09,9,1,34,N,경기도 의정부시 가능동 725-25,959270.534033641,1971938.04814383,127.03768697760772,37.74616831189128
의정부시,장암 더샵 포레스트,장암동,12451,2020-01-31,25,9,677,Y,경기도 의정부시 장암동 12451,,,,
의정부시,장암 푸르지오 2차,장암동,"37-4,5",2004-10-28,16,2,114,N,"경기도 의정부시 장암동 37-4,5",960915.961779976,1969477.85851988,127.05649570486447,37.72406631042579
의정부시,장암동신현대,신곡동,722-1,1998-10-30,20,8,598,Y,경기도 의정부시 신곡동 722-1,960837.006309711,1970107.59668548,127.05556586892816,37.72973879650842
의정부시,장암동아,장암동,20,1997-06-27,25,16,1488,Y,경기도 의정부시 장암동 20,960689.238284896,1969592.70076975,127.05391683405765,37.725091682767
의정부시,장암삼익한일,신곡동,723-1,1998-07-25,20,6,772,Y,경기도 의정부시 신곡동 723-1,961031.65253984,1970109.33228756,127.05777462278732,37.72976274644383
의정부시,장암우성,장암동,14-27,1992-10-29,19,6,510,Y,경기도 의정부시 장암동 14-27,961346.160839382,1969498.67495878,127.06137613008586,37.724272193556644
의정부시,장암주공1단지,장암동,5,1991-12-10,15,5,1122,N,경기도 의정부시 장암동 5,961115.293806463,1969518.1212342,127.05875540115278,37.724437687919156
의정부시,장암주공2단지,장암동,5,1993-04-13,15,16,1661,Y,경기도 의정부시 장암동 5,961115.293806463,1969518.1212342,127.05875540115278,37.724437687919156
의정부시,장암주공5단지,신곡동,725-3,1999-03-22,20,14,1214,Y,경기도 의정부시 신곡동 725-3,961047.849681135,1969888.78249132,127.05797024390928,37.72777561003907
의정부시,장암주공7단지아파트,장암동,17-32,1998-09-01,20,7,749,Y,경기도 의정부시 장암동 17-32,961366.490471816,1969686.40190331,127.06159684085425,37.72596504535919
의정부시,장암푸르지오아파트,장암동,37,2004-10-28,22,5,494,Y,경기도 의정부시 장암동 37,960815.830317803,1969389.83556261,127.0553642417952,37.72326867502192
의정부시,장암현대1차,신곡동,725-2,1998-05-28,20,2,304,Y,경기도 의정부시 신곡동 725-2,961067.312429474,1969979.00502402,127.05818627048718,37.72858961804299
의정부시,장암현대2차,신곡동,724-2,1998-09-25,19,8,795,Y,경기도 의정부시 신곡동 724-2,960838.32953272,1969884.3900623,127.05559290726613,37.727727081864906
의정부시,정은알베로,금오동,270-3,2020-10-20,10,1,26,N,경기도 의정부시 금오동 270-3,961056.458097975,1972946.07945422,127.05790407035289,37.755331479090025
의정부시,정음마을 고산1단지,고산동 (입암로 14),-,2020-05-26,25,2,500,N,경기도 의정부시 고산동 (입암로 14) -,966303.989486747,1971590.659486,127.11753680515811,37.74332336466615
의정부시,정음마을 고산2단지,고산동 (정음로 15),155-6,2020-06-26,25,3,629,N,경기도 의정부시 고산동 (정음로 15) 155-6,966193.894653967,1971530.76993857,127.11628999708726,37.74277951338938
의정부시,젠하우트,의정부동,482-3,2010-05-28,7,1,78,N,경기도 의정부시 의정부동 482-3,959342.957811505,1971167.66046135,127.03855213164286,37.73922802768999
의정부시,진산스위트빌,호원동,226-197,2005-01-31,5,6,48,N,경기도 의정부시 호원동 226-197,959972.792070348,1967261.81272189,127.04591534625949,37.70405221959686
의정부시,채움빌리지 15차,호원동,226-82,2020-12-10,10,1,9,N,경기도 의정부시 호원동 226-82,960020.037633372,1967053.4798401,127.04646274462529,37.70217656300441
의정부시,청솔 (제일생명주상복합),가능동,717-22,1993-02-20,12,1,106,N,경기도 의정부시 가능동 717-22,958752.428263728,1971871.84121511,127.03180998824192,37.74554837656918
의정부시,탑석센트럴자이,용현동,241,2021-12-20,35,16,2571,Y,경기도 의정부시 용현동 241,963235.924697692,1970593.13795088,127.0827643197175,37.73421450481656
의정부시,태림더끌리움시티,의정부동,492-1,2020-09-29,19,1,64,N,경기도 의정부시 의정부동 492-1,959491.111883848,1971024.87460236,127.04024155493056,37.73794766779568
의정부시,풍전연립,가능동,369,1985-11-22,3,8,102,N,경기도 의정부시 가능동 369,958695.59539828,1972957.85725531,127.03110315165569,37.75533405395466
의정부시,한국개나리,호원동,308-45,1997-01-09,23,1,298,Y,경기도 의정부시 호원동 308-45,959553.154763588,1969388.27546292,127.04103674602968,37.72319970536247
의정부시,한라비발디,민락동,756-7,2003-06-14,21,9,636,Y,경기도 의정부시 민락동 756-7,963828.210034238,1970763.28061918,127.08947754212326,37.735771613262756
의정부시,한라비발디루트,의정부동,220-110,2005-11-01,20,1,268,Y,경기도 의정부시 의정부동 220-110,960264.768390464,1971711.9746259,127.04898439747548,37.74417443235568
의정부시,한신더휴고산NHF,고산동 (입암로 13),177,2020-07-20,25,7,670,N,경기도 의정부시 고산동 (입암로 13) 177,,,,
의정부시,한양빌라,금오동,398,1987-11-20,2,4,70,N,경기도 의정부시 금오동 398,960822.175655988,1972375.93527019,127.055275274638,37.75018275902869
의정부시,한양수자인파크뷰,의정부동,369-2,2020-12-21,25,1,299,Y,경기도 의정부시 의정부동 369-2,960126.622230684,1970455.99265586,127.047485324002,37.73284823204555
의정부시,한양연립,가능동,15-240,1981-07-23,2,1,20,N,경기도 의정부시 가능동 15-240,960074.700701258,1972546.48696997,127.04678122326337,37.75168762123156
의정부시,한일유앤아이,신곡동,393-11,2006-03-30,24,9,700,Y,경기도 의정부시 신곡동 393-11,961605.403202345,1970751.5957494,127.0642516334926,37.735575743605274
의정부시,해뜨는 개발,의정부동,167-2 외1,2013-05-14,15,1,60,N,경기도 의정부시 의정부동 167-2 외1,960087.230947941,1970502.66707675,127.04703573059207,37.733267192992955
의정부시,행복한세상,가능동,644-8,2005-10-17,9,1,32,N,경기도 의정부시 가능동 644-8,959816.144300864,1972092.28671881,127.04387139048191,37.74758259268588
의정부시,현진에버빌,신곡동,565-9,2006-06-29,22,1,135,N,경기도 의정부시 신곡동 565-9,960782.081232002,1971147.353361,127.05488647911277,37.73910780838295
의정부시,호명산 빌리지,녹양동,315-4,2005-03-28,4,14,220,N,경기도 의정부시 녹양동 315-4,957686.865877229,1973128.82805284,127.01964223010542,37.756828892104316
의정부시,호반베르디움 1차,민락동,847,2017-07-05,26,19,1567,Y,경기도 의정부시 민락동 847,964882.380084681,1971806.01350154,127.1013909115826,37.745210905814716
의정부시,호반베르디움 2차,낙양동,760,2017-08-02,26,7,526,Y,경기도 의정부시 낙양동 760,965377.573595029,1972507.54094713,127.10697813690096,37.751552698479095
의정부시,호반베르디움 3차,민락동,894,2017-10-11,28,6,463,Y,경기도 의정부시 민락동 894,966228.603447215,1972521.17216642,127.11663789979787,37.75170737544802
의정부시,호원 롯데,호원동,467-8,1999-01-27,21,1,146,N,경기도 의정부시 호원동 467-8,960182.059712613,1967077.20512127,127.04829939144241,37.7023974558645
의정부시,호원 석주,호원동,431,1995-12-01,8,1,46,N,경기도 의정부시 호원동 431,960220.7457297,1969181.36158079,127.04862321302122,37.721364028671786
의정부시,호원 성호2차,호원동,443,1996-06-28,11,1,38,N,경기도 의정부시 호원동 443,960201.407679247,1968762.76440364,127.04842669240426,37.71759035108784
의정부시,호원 신도6-1차,호원동,399-10,1997-10-15,19,1,93,N,경기도 의정부시 호원동 399-10,959517.09496712,1969770.10535096,127.04060632005954,37.72663955664236
의정부시,호원 신일,호원동,456-3,1998-03-13,14,1,121,N,경기도 의정부시 호원동 456-3,960225.374363977,1968080.56835039,127.04873591524355,37.711442719776535
의정부시,호원 우남2차,호원동,423-2,1997-11-10,15,1,118,N,경기도 의정부시 호원동 423-2,960340.199259697,1969672.14409598,127.04995185452489,37.72579265551836
의정부시,호원 푸른마을,호원동,444-1,1998-09-05,21,1,126,N,경기도 의정부시 호원동 444-1,960267.370232709,1968650.84709343,127.04918122535352,37.71658449852186
의정부시,호원 풍림,호원동,351-7,2000-07-21,10,2,116,N,경기도 의정부시 호원동 351-7,959676.718749007,1970182.82697741,127.0423947634528,37.73036647312516
의정부시,호원 하늘빛,호원동,376-4,1996-09-24,18,1,147,N,경기도 의정부시 호원동 376-4,959457.642118597,1969875.20322314,127.03992581847452,37.72758417572748
의정부시,호원 한승,호원동,425,1998-05-20,19,1,144,N,경기도 의정부시 호원동 425,960216.527682393,1969627.25950421,127.04855096013468,37.72538274309729
의정부시,호원5차우성,호원동,451,1995-02-28,23,4,494,Y,경기도 의정부시 호원동 451,960221.909142764,1968390.34546917,127.04867966701954,37.714234609206
의정부시,호원가든1차,호원동,360,1997-03-25,24,6,806,Y,경기도 의정부시 호원동 360,959568.031484061,1970036.43210548,127.04116951308222,37.72904221815578
의정부시,호원가든2차뉴삼익,호원동,322-5,1997-10-27,24,5,624,Y,경기도 의정부시 호원동 322-5,959669.859310651,1969866.1429566,127.04233448839437,37.72751188903484
의정부시,호원가든3차,호원동,376-7,1999-05-25,23,4,422,Y,경기도 의정부시 호원동 376-7,959543.310260004,1969886.64725873,127.04089731406476,37.72769111107512
의정부시,호원건영,호원동,121,1992-11-30,15,11,900,Y,경기도 의정부시 호원동 121,960338.686655333,1967460.56837322,127.05005525349064,37.70585953079705
의정부시,호원동월드한아름,호원동,457,1998-05-30,19,3,290,Y,경기도 의정부시 호원동 457,960255.033352498,1967991.00466466,127.04907729419166,37.71063676396587
의정부시,호원동흥화브라운빌,호원동,441-4,2002-12-07,21,1,160,Y,경기도 의정부시 호원동 441-4,960057.374499202,1968665.38576506,127.04679781846656,37.71670640160986
의정부시,호원두산,호원동,347-1,1997-12-15,25,2,430,Y,경기도 의정부시 호원동 347-1,959897.892366467,1970109.05109841,127.04490872946587,37.72971124529111
의정부시,호원미도,호원동,318-1,1995-10-30,23,3,552,Y,경기도 의정부시 호원동 318-1,959640.696006576,1969562.3331713,127.0420204157122,37.724772356558326
의정부시,호원삼익,호원동,351-1,1998-10-16,25,5,666,Y,경기도 의정부시 호원동 351-1,959605.45555253,1970280.5562424,127.04158063285276,37.73124416730947
의정부시,호원성호1차,호원동,442,1996-06-28,22,2,378,Y,경기도 의정부시 호원동 442,960145.436394367,1968757.82797632,127.0477919048033,37.717543424672755
의정부시,호원신도4차,호원동,421,1996-07-12,22,3,239,Y,경기도 의정부시 호원동 421,960407.314726158,1969816.72467741,127.05070556800389,37.7270986713498
의정부시,호원신도5차,호원동,419-2,1996-09-02,19,1,175,Y,경기도 의정부시 호원동 419-2,960343.674562114,1969819.11439932,127.0499832749264,37.7271174554625
의정부시,호원신도6차,호원동,399-10,1997-10-17,25,7,648,Y,경기도 의정부시 호원동 399-10,959517.09496712,1969770.10535096,127.04060632005954,37.72663955664236
의정부시,호원신도7차,호원동,467-5,1998-11-21,24,3,281,Y,경기도 의정부시 호원동 467-5,960175.774045613,1967154.10145929,127.04822388147323,37.70309025518364
의정부시,호원신원,호원동,327-1,1997-02-12,20,3,470,Y,경기도 의정부시 호원동 327-1,959888.21401825,1969848.33388436,127.04481328306979,37.72736096875996
의정부시,호원신일엘리시움,호원동,459,2006-01-05,19,1,391,Y,경기도 의정부시 호원동 459,960193.843277078,1967865.40034316,127.04838995815446,37.70950202710624
의정부시,호원신일유토빌,호원동,20180,2003-04-04,22,16,1432,Y,경기도 의정부시 호원동 20180,,,,
의정부시,호원쌍용아파트,호원동,44715,1991-08-14,15,5,420,Y,경기도 의정부시 호원동 44715,,,,
의정부시,호원우남1차,호원동,422,1996-11-14,24,4,411,Y,경기도 의정부시 호원동 422,960405.221080692,1969692.89878342,127.05068855272543,37.725982532823515
의정부시,호원우성1차,호원동,446,1993-09-24,15,4,381,Y,경기도 의정부시 호원동 446,960216.310629362,1968491.28465586,127.04861062903785,37.715144136738786
의정부시,호원우성2차,호원동,452-12,1993-09-24,15,4,289,Y,경기도 의정부시 호원동 452-12,960265.786111996,1968258.04756057,127.04918470351689,37.713044104801526
의정부시,호원우성3차,호원동,430,1993-08-06,20,4,615,Y,경기도 의정부시 호원동 430,960238.610545278,1969408.46950045,127.04881350407067,37.7234117387308
의정부시,호원유원,호원동,450-2,1996-02-23,19,1,178,Y,경기도 의정부시 호원동 450-2,960217.388873802,1968344.49925266,127.04863088842983,37.71382119824046
의정부시,호원한승미메이드,호원동,289-7,2006-12-06,20,8,448,Y,경기도 의정부시 호원동 289-7,959680.15865649,1969237.50439784,127.04248621591994,37.72184640166225
의정부시,호원한신1차,호원동,44835,1991-11-19,15,3,204,Y,경기도 의정부시 호원동 44835,,,,
의정부시,호원한신2차,호원동,44837,1994-11-22,24,2,278,Y,경기도 의정부시 호원동 44837,,,,
의정부시,호원한주1차,호원동,439-3,1994-11-29,20,6,609,Y,경기도 의정부시 호원동 439-3,960140.321240637,1968842.86977065,127.04772920790437,37.71830968812024
의정부시,호원한주3차,호원동,436,1995-12-01,24,1,235,Y,경기도 의정부시 호원동 436,960155.641942302,1969052.18300502,127.047891575187,37.720196905421865
의정부시,호원한주4차,호원동,432-9,1996-02-02,24,1,288,Y,경기도 의정부시 호원동 432-9,960178.568510598,1969198.14106012,127.04814372141273,37.72151342961408
의정부시,호원한주5차,호원동,424,1996-10-24,25,3,240,Y,경기도 의정부시 호원동 424,960297.647631549,1969575.11300872,127.04947430201646,37.724916265915944
의정부시,호원행복주택,호원동,414,2017-10-20,15,2,166,N,경기도 의정부시 호원동 414,960145.094388649,1969971.314272,127.04772152516992,37.72848061482816
의정부시,호원현대,호원동,419,1995-11-17,22,2,193,Y,경기도 의정부시 호원동 419,960279.059859828,1969845.27975575,127.0492486240606,37.72735048358736
의정부시,호원현대아이파크,호원동,467,2003-11-26,22,9,700,Y,경기도 의정부시 호원동 467,960258.948722043,1967237.00937091,127.04916288325182,37.70384112176546
의정부시,회룡역풍림아이원,호원동,308-139,2007-03-28,23,5,397,Y,경기도 의정부시 호원동 308-139,959623.462922181,1969429.08240331,127.04183226616017,37.72357060295387
의정부시,회룡한주아파트,호원동,428,1997-04-04,24,2,224,Y,경기도 의정부시 호원동 428,960142.785363281,1969442.45368128,127.04772431053281,37.72371387320054
의정부시,효성팰리스,의정부동,370-7,2018-05-03,20,1,51,N,경기도 의정부시 의정부동 370-7,960219.825103624,1970399.56219697,127.04854612191303,37.732343678168625
의정부시,휴정빌,의정부동,230-59,2020-09-15,7,1,12,N,경기도 의정부시 의정부동 230-59,960100.58078538,1972218.70142884,127.04709300392896,37.7487344190622
의정부시,흥선 프라임,가능동,745-23,2020-09-02,10,1,32,N,경기도 의정부시 가능동 745-23,959336.778397696,1971430.41012852,127.03846729546028,37.7415959172795
의정부시,흥일홀딩스,의정부동,44915,2019-09-06,15,1,52,N,경기도 의정부시 의정부동 44915,,,,
의정부시,힐스테이트녹양역,가능동,50,2018-11-21,29,8,758,Y,경기도 의정부시 가능동 50,959594.742056043,1972794.46421165,127.04131925389252,37.75390156145266
이천시,KCC스위첸아파트,증포동,485,2016-08-23,20,10,562,Y,경기도 이천시 증포동 485,995604.961781138,1921074.45256677,127.45041623975317,37.288598491853364
이천시,갈산현진에버빌,갈산동,782,2008-11-10,15,9,405,Y,경기도 이천시 갈산동 782,996139.358961786,1920448.79268455,127.45644842831129,37.282961170979114
이천시,갈산화성파크드림,갈산동,789,2013-06-05,15,3,168,Y,경기도 이천시 갈산동 789,995949.580990986,1920543.60435008,127.45430704266128,37.283814995825026
이천시,갈산휴먼시아3단지,갈산동,785,2009-11-24,15,6,445,N,경기도 이천시 갈산동 785,996144.543232923,1920332.92157694,127.45650751266533,37.28191673071367
이천시,갈산힐스테이트,갈산동,781,2006-09-28,15,5,325,Y,경기도 이천시 갈산동 781,996103.432514464,1920611.9131272,127.45604228994495,37.284431387965355
이천시,거평,부발읍 신하리,487-7,1992-11-23,15,2,299,Y,경기도 이천시 부발읍 신하리 487-7,998138.440863888,1917763.22939597,127.47900662572958,37.258759608762425
이천시,건일아파트,백사면 모전리,817-3,1994-08-18,10,1,73,N,경기도 이천시 백사면 모전리 817-3,996793.193949891,1922990.39225689,127.46381331314352,37.30587358029578
이천시,고려2차아파트,중리동,446-18,1992-11-16,14,2,89,N,경기도 이천시 중리동 446-18,994621.641029009,1919697.29310703,127.43933262267706,37.276179617540876
이천시,고려아파트,창전동,428-11,1990-10-10,7,1,34,N,경기도 이천시 창전동 428-11,995113.381881726,1920578.79688058,127.44487361550371,37.28412820386421
이천시,관고동벽산블루밍,관고동,514,2010-04-28,20,3,227,Y,경기도 이천시 관고동 514,994219.641879223,1920461.8217741,127.43479216830742,37.28306866646814
이천시,관고상가아파트(산호3차),중리동,444,1993-02-18,15,1,111,N,경기도 이천시 중리동 444,994461.922572099,1919820.70638102,127.43753009536664,37.27729112811611
이천시,금성아파트,창전동,432-13,1990-12-27,7,1,35,N,경기도 이천시 창전동 432-13,995230.655645142,1920751.07803535,127.44619548537878,37.28568175343933
이천시,기영아파트,부발읍 가산리,770,2008-09-26,7,4,150,Y,경기도 이천시 부발읍 가산리 770,1000294.91602555,1916010.19677808,127.50332516423937,37.24295950413429
이천시,남서울아파트,부발읍 무촌리,221-2,1989-01-27,5,1,50,N,경기도 이천시 부발읍 무촌리 221-2,998933.089231429,1920684.76937737,127.4879639277983,37.28509566387026
이천시,대림휴먼빌,증포동,474,2002-08-24,15,1,172,Y,경기도 이천시 증포동 474,995996.521379329,1921728.90732462,127.45483019265595,37.29449950360898
이천시,대신푸른마을,신둔면 도봉리,1271,2004-11-02,10,5,260,Y,경기도 이천시 신둔면 도봉리 1271,996243.334046885,1923387.59109007,127.45760649896116,37.30945185410639
이천시,대우1차,증포동,213-5,1997-03-07,19,3,229,Y,경기도 이천시 증포동 213-5,996122.299826758,1921823.92601672,127.45624880917083,37.29535653302701
이천시,대우2차,증포동,244-3,1998-07-16,19,6,539,Y,경기도 이천시 증포동 244-3,995900.030684684,1921772.5411303,127.45374128238839,37.2948923972785
이천시,대우3차,증포동,200-9,2000-10-24,19,3,208,Y,경기도 이천시 증포동 200-9,995875.860526552,1921659.18178571,127.45346920721974,37.2938704717479
이천시,대원1차아파트,중리동,446-14,1989-11-24,6,1,30,N,경기도 이천시 중리동 446-14,994661.760031938,1919720.36589606,127.43978499532355,37.27638782679353
이천시,대원4차아파트,창전동,440-4,1991-12-09,11,1,104,N,경기도 이천시 창전동 440-4,995372.258445666,1920740.22378854,127.44779301929863,37.285584628699375
이천시,대원그린,증포동,218-7,1996-08-26,19,1,255,Y,경기도 이천시 증포동 218-7,996133.200540733,1921918.33141647,127.45637130790767,37.296207546452074
이천시,대원칸타빌,증포동,498,2019-07-24,20,6,346,Y,경기도 이천시 증포동 498,995310.982042779,1921406.54146831,127.44709753675924,37.291590499997085
이천시,대원칸타빌2차더테라스,송정동,454,2021-08-26,20,5,303,Y,경기도 이천시 송정동 454,,,,
이천시,대호1차아파트,창전동,410-10,1991-05-24,7,1,64,N,경기도 이천시 창전동 410-10,994584.512625679,1920553.32978311,127.43890758172265,37.283895714815024
이천시,대호2차,창전동,456,1993-03-04,15,1,150,Y,경기도 이천시 창전동 456,995418.727384877,1920355.17359914,127.44831962301555,37.28211401889962
이천시,대호3차,증포동,351-5,1993-09-11,15,2,260,Y,경기도 이천시 증포동 351-5,995340.568528423,1921157.31649667,127.44743290039013,37.289344139029005
이천시,덕평로얄아파트,마장면 오천리,29221,2000-06-08,15,1,82,N,경기도 이천시 마장면 오천리 29221,,,,
이천시,동서산업근로자,부발읍 신원리,558-38,1995-06-23,9,1,54,N,경기도 이천시 부발읍 신원리 558-38,1000565.57232126,1921333.55564756,127.50638084870288,37.29094425718149
이천시,동양,장호원읍 진암리,44862,1992-05-02,14,1,154,Y,경기도 이천시 장호원읍 진암리 44862,,,,
이천시,동양파라곤,송정동,446,2009-02-27,20,5,324,Y,경기도 이천시 송정동 446,994094.295526803,1921910.18196514,127.43336663337226,37.296123371994376
이천시,두산,관고동,185-12,1998-06-29,24,4,517,Y,경기도 이천시 관고동 185-12,994013.356727749,1920540.18864026,127.43246444959213,37.28377375994039
이천시,라온팰리스,중리동,213,2009-10-21,28,1,194,Y,경기도 이천시 중리동 213,995182.371121863,1919973.60763878,127.44565581148976,37.278673389919156
이천시,라온프라이빗,송정동,450,2021-07-05,25,15,790,Y,경기도 이천시 송정동 450,,,,
이천시,로얄아파트,장호원읍 진암리,17168,1990-11-12,7,1,56,N,경기도 이천시 장호원읍 진암리 17168,,,,
이천시,롯데캐슬 골드스카이,안흥동,274-17,2018-12-28,49,4,736,Y,경기도 이천시 안흥동 274-17,995972.661112615,1919554.50141993,127.45457276896703,37.27489932119285
이천시,모전현대,백사면 모전리,780,1997-05-29,15,7,495,Y,경기도 이천시 백사면 모전리 780,997186.354606251,1922775.79815452,127.46825068388013,37.30394051027985
이천시,미도아파트,창전동,137,1994-09-08,15,1,110,N,경기도 이천시 창전동 137,995152.56767483,1920372.07496187,127.44531702205421,37.28226501879003
이천시,미원근로자임대주택,마장면 표교리,125-5,1995-12-26,3,1,24,N,경기도 이천시 마장면 표교리 125-5,992358.516822621,1917088.97781199,127.41383161120271,37.25265238570363
이천시,보은국민주택,갈산동,608-1,1985-12-28,3,4,70,N,경기도 이천시 갈산동 608-1,996000.520260047,1920386.1325755,127.4548825380262,37.28239576640339
이천시,보은아파트,갈산동,614-2,1984-09-01,5,2,95,N,경기도 이천시 갈산동 614-2,995996.323688466,1920326.18219176,127.45483552013677,37.28185535577975
이천시,부발휴먼시아1단지,부발읍 무촌리,544,2009-10-20,15,6,784,N,경기도 이천시 부발읍 무촌리 544,998739.794323855,1920541.03778044,127.4857835660968,37.283799826042326
이천시,부악3차아파트,증포동,151-6,1994-12-12,15,1,104,N,경기도 이천시 증포동 151-6,995835.402767689,1921218.45459847,127.45301521139734,37.289897584606436
이천시,브라운스톤,안흥동,307-7,2014-10-10,20,3,214,Y,경기도 이천시 안흥동 307-7,995890.416212306,1919822.85328432,127.4536435870271,37.27731788685679
이천시,산호1차,관고동,226-8,1991-06-14,12,3,236,Y,경기도 이천시 관고동 226-8,994251.426839674,1920178.2054863,127.43515292554693,37.28051234781924
이천시,산호2차,창전동,16072,1991-10-28,13,1,151,Y,경기도 이천시 창전동 16072,,,,
이천시,삼원엑스포,대월면 초지리,732,2002-07-12,13,6,300,Y,경기도 이천시 대월면 초지리 732,999487.515838015,1914699.08306133,127.49422266730207,37.23114094110447
이천시,삼진동산,장호원읍 진암리,301-3,1995-03-29,15,2,172,Y,경기도 이천시 장호원읍 진암리 301-3,1010219.67913249,1901765.35296768,127.61503143366778,37.114498485742715
이천시,상호아파트,장호원읍 노탑리,174-26,1995-12-05,10,1,43,N,경기도 이천시 장호원읍 노탑리 174-26,1011447.39925564,1902488.6267341,127.6288615172173,37.12100402762572
이천시,새설봉아파트,관고동,44707,1994-09-30,15,1,86,N,경기도 이천시 관고동 44707,,,,
이천시,선경1차,증포동,191-7,1997-01-16,23,2,238,Y,경기도 이천시 증포동 191-7,995949.846257096,1921555.85061474,127.45430451773586,37.292939371900324
이천시,선경2차,증포동,190-2,1997-10-24,20,5,456,Y,경기도 이천시 증포동 190-2,995860.131474767,1921550.97767346,127.45329234652164,37.29289505220241
이천시,설봉1차푸르지오,갈산동,783,2008-12-26,15,7,230,Y,경기도 이천시 갈산동 783,995931.159192139,1920641.71767479,127.4540986884485,37.28469930829543
이천시,설봉2차푸르지오,증포동,480,2011-11-25,18,8,347,Y,경기도 이천시 증포동 480,995834.592143748,1920752.17316073,127.45300867976651,37.28569452570631
이천시,설봉3차푸르지오,증포동,486,2016-11-24,20,7,554,Y,경기도 이천시 증포동 486,996401.113260213,1921005.17796971,127.45939856178549,37.287977473214326
이천시,설봉국민주택,관고동,226-5외 2필지,1986-10-08,5,5,163,N,경기도 이천시 관고동 226-5외 2필지,994170.216248574,1920163.20190936,127.43423694352167,37.28037660024423
이천시,성광아파트,부발읍 신하리,409-5,1990-06-11,6,5,198,N,경기도 이천시 부발읍 신하리 409-5,997571.297834483,1918040.38475342,127.47260987552335,37.26125658935364
이천시,성창아파트,대월면 사동리,182-1,1991-04-25,6,3,198,N,경기도 이천시 대월면 사동리 182-1,999679.091055597,1914994.68442516,127.49638220432428,37.23380559975476
이천시,성환주택,창전동,452-16,1986-08-28,3,2,66,N,경기도 이천시 창전동 452-16,995469.32480164,1920422.45396862,127.44888999155957,37.282720731672136
이천시,세영아파트,창전동,산7-36,1992-11-19,11,1,87,N,경기도 이천시 창전동 산7-36,995833.548353393,1920527.70672746,127.45299816282262,37.28367118223583
이천시,세진아파트,장호원읍 장호원리,143-2,1995-02-10,12,1,70,N,경기도 이천시 장호원읍 장호원리 143-2,1011600.43546905,1902236.03751096,127.63058030632803,37.11872524693772
이천시,송전더존빌,장호원읍 진암리,778,2007-05-31,11,4,220,Y,경기도 이천시 장호원읍 진암리 778,1009215.35233072,1901487.69087835,127.6037234603577,37.11200600102788
이천시,송정동양아파트,송정동,322,2000-04-27,20,7,585,Y,경기도 이천시 송정동 322,994443.489075184,1922059.83141993,127.43730542122,37.297474460473346
이천시,수광엘리시움,신둔면 수광리,757,2009-06-19,16,2,252,Y,경기도 이천시 신둔면 수광리 757,991062.730874235,1924099.64873703,127.3991355302491,37.31583491541144
이천시,수림1차,송정동,428,2002-06-20,15,6,498,Y,경기도 이천시 송정동 428,994308.162183857,1921826.37961339,127.43578030637552,37.295369313727996
이천시,수림2차아파트,송정동,429,2002-12-18,15,6,310,Y,경기도 이천시 송정동 429,994532.702725692,1921971.47759872,127.43831267615539,37.296678570562605
이천시,신둔반석아르미,신둔면 수하리,825,2003-12-08,15,5,268,Y,경기도 이천시 신둔면 수하리 825,993257.665865528,1924123.80070471,127.42390694333737,37.31607114122239
이천시,신세계아파트,부발읍 신원리,565-30,1989-01-26,5,2,98,N,경기도 이천시 부발읍 신원리 565-30,1000542.83972994,1921422.49576205,127.50612444211056,37.29174597563539
이천시,신원아침도시,대월면 사동리,524,2018-05-31,15,8,450,Y,경기도 이천시 대월면 사동리 524,999053.607649295,1916023.27966854,127.48932945445816,37.24307700001612
이천시,신일아파트1차,송정동,306,2001-07-28,15,7,504,Y,경기도 이천시 송정동 306,993895.324391917,1921953.4290104,127.4311213115556,37.29651191446886
이천시,신일아파트2차,송정동,311-1,2001-07-28,15,9,576,Y,경기도 이천시 송정동 311-1,993891.912169507,1921866.43750204,127.43108352704127,37.29572775305768
이천시,신일해피트리,갈산동,777,2003-11-03,15,5,264,Y,경기도 이천시 갈산동 777,996916.148965011,1921448.60145148,127.46520718108393,37.29197633671214
이천시,신지아파트,부발읍 신원리,559-1,1995-01-18,9,2,93,N,경기도 이천시 부발읍 신원리 559-1,1000646.00968418,1921427.47536021,127.50728843347599,37.291790795706866
이천시,신한1차,증포동,34394,1997-12-22,20,9,728,Y,경기도 이천시 증포동 34394,,,,
이천시,신한2차,부발읍 신하리,362-3,1998-08-28,20,3,349,Y,경기도 이천시 부발읍 신하리 362-3,998275.604607889,1917990.29080822,127.4805529371327,37.2608066120432
이천시,쌍림빌라,마장면 오천리,302-12,1988-12-28,4,3,42,N,경기도 이천시 마장면 오천리 302-12,986614.452856848,1917338.52985054,127.34905494580106,37.25483699822239
이천시,아미현대3차,부발읍 아미리,699-7,1997-05-30,20,2,400,Y,경기도 이천시 부발읍 아미리 699-7,999230.220534299,1916411.28755235,127.49132035835099,37.24657468769052
이천시,아미현대7차,부발읍 아미리,753,1999-11-29,20,7,708,Y,경기도 이천시 부발읍 아미리 753,999121.737747772,1917565.01254191,127.49009580046427,37.25697432167427
이천시,우성,갈산동,468-1,1997-07-04,15,3,298,Y,경기도 이천시 갈산동 468-1,996877.759028648,1921244.37824585,127.46477491402817,37.29013534382886
이천시,유승,부발읍 신하리,487-9,2001-08-07,20,2,153,Y,경기도 이천시 부발읍 신하리 487-9,998091.820895408,1917707.85333911,127.47848102005277,37.25826035265739
이천시,유진아파트,창전동,451-2,1990-04-24,5,1,20,N,경기도 이천시 창전동 451-2,995428.752800623,1920488.41156741,127.44843189814713,37.28331507461458
이천시,유호아파트,대월면 사동리,산92-1,1987-09-26,5,2,70,N,경기도 이천시 대월면 사동리 산92-1,999430.009020394,1916113.14877334,127.4935732998794,37.24388739175811
이천시,융화빌라,창전동,452-2,1987-09-12,3,3,66,N,경기도 이천시 창전동 452-2,995477.118545286,1920485.58672336,127.44897752764615,37.28328984791964
이천시,은하아파트,관고동,503-6,1993-03-12,7,1,56,N,경기도 이천시 관고동 503-6,994316.503661125,1919859.84833867,127.43588946147582,37.2776430767857
이천시,이천 마장 리젠시빌 란트,마장면 오천리,416,2020-07-17,20,4,298,N,경기도 이천시 마장면 오천리 416,,,,
이천시,이천 마장 리젠시빌 란트 더웰,마장면 오천리,419,2020-11-18,20,4,305,Y,경기도 이천시 마장면 오천리 419,,,,
이천시,이천갈산주공,갈산동,778,2004-11-29,15,5,525,N,경기도 이천시 갈산동 778,996382.893992965,1920274.37778023,127.45919657493077,37.281389974398394
이천시,이천국민주택,진리동,327,1984-12-17,3,4,78,N,경기도 이천시 진리동 327,995918.36260053,1919084.10504813,127.4539628793653,37.27065892650712
이천시,이천마장행복주택3단지,마장면 양촌리,10,2019-12-02,20,2,290,N,경기도 이천시 마장면 양촌리 10,987277.439455894,1917432.56994429,127.35652962993657,37.255693971670475
이천시,이천삼익아파트,부발읍 신하리,481-1,2000-04-08,20,4,493,Y,경기도 이천시 부발읍 신하리 481-1,997991.498058584,1917835.43042658,127.47734931180676,37.25941012590034
이천시,이천신둔코아루,신둔면 수하리,826,2017-04-18,15,4,197,Y,경기도 이천시 신둔면 수하리 826,993273.998374218,1923997.35216329,127.42409241575697,37.31493145994163
이천시,이천유산양우내안애,호법면 유산리,894,2010-12-14,14,3,276,Y,경기도 이천시 호법면 유산리 894,993907.623481601,1916332.03290662,127.43130613235648,37.245840675147356
이천시,이천증일동현대홈타운,증일동,30133,2005-08-19,15,11,523,Y,경기도 이천시 증일동 30133,,,,
이천시,이천증포새도시 한양수자인3블럭,증포동,489,2017-09-07,19,6,354,Y,경기도 이천시 증포동 489,995219.480463317,1921189.32513627,127.44606659519926,37.28963204983291
이천시,이천증포새도시 한양수자인5블럭,증포동,491,2017-09-07,20,12,620,Y,경기도 이천시 증포동 491,995461.274757806,1921232.53126789,127.44879423240732,37.290022720757
이천시,이천코아루휴티스1단지,안흥동,267-5,2021-03-31,42,2,288,Y,경기도 이천시 안흥동 267-5,995783.618397093,1919703.65504472,127.452439576032,37.276242955490346
이천시,이천코아루휴티스2단지,안흥동,313-1,2021-03-31,40,1,144,N,경기도 이천시 안흥동 313-1,995835.964604464,1919768.0592608,127.45302967588846,37.27682373117561
이천시,이천한솔아파트,백사면 조읍리,627,2001-02-02,15,4,476,Y,경기도 이천시 백사면 조읍리 627,997462.744888008,1924443.27764139,127.47136378505643,37.31897188883647
이천시,이화1차,부발읍 응암리,97,1996-11-19,17,3,493,Y,경기도 이천시 부발읍 응암리 97,1001341.91056706,1915647.22979825,127.51512932397465,37.23968677754182
이천시,이화2차,부발읍 응암리,102-2,1997-05-26,18,3,432,Y,경기도 이천시 부발읍 응암리 102-2,1001403.02862579,1915751.59959428,127.5158185939771,37.24062748345875
이천시,일성아파트,안흥동,300-1,1997-01-15,15,2,240,Y,경기도 이천시 안흥동 300-1,996087.434252786,1919830.94572487,127.45586592207768,37.277391681550874
이천시,일심아파트,창전동,466-17,1991-06-11,10,1,84,N,경기도 이천시 창전동 466-17,995470.330998444,1920036.61758223,127.44890369353377,37.279242808228105
이천시,일한빌라,중리동,443-26,1986-10-02,3,6,31,N,경기도 이천시 중리동 443-26,994524.811256728,1919800.78078648,127.4382396305334,37.27711189099209
이천시,장원연립,장호원읍 장호원리,160161,1989-08-22,3,4,63,N,경기도 이천시 장호원읍 장호원리 160161,,,,
이천시,장호원기산,장호원읍 노탑리,193-1,1997-05-23,18,1,175,Y,경기도 이천시 장호원읍 노탑리 193-1,1011460.83689899,1902632.24265116,127.62901497919054,37.12229844881039
이천시,장호원코아루,장호원읍 진암리,780,2009-12-30,15,7,342,Y,경기도 이천시 장호원읍 진암리 780,1010406.49889526,1901641.62774747,127.61713253174408,37.11338113846534
이천시,조명아파트,창전동,17685,1989-11-29,5,1,40,N,경기도 이천시 창전동 17685,,,,
이천시,주공,안흥동,469,1997-05-02,15,17,1200,Y,경기도 이천시 안흥동 469,996493.058067262,1920208.18620737,127.46043961290611,37.28079374545951
이천시,주은다솜,부발읍 응암리,109,2001-08-02,15,4,600,Y,경기도 이천시 부발읍 응암리 109,1001609.20853496,1915651.77937081,127.51814297531146,37.23972736431974
이천시,중앙아파트,창전동,412,1989-05-18,5,1,55,N,경기도 이천시 창전동 412,994657.76145924,1920804.36876589,127.43973210096917,37.28615900133841
이천시,증포한솔1차아파트,증포동,475,2006-11-30,18,9,418,Y,경기도 이천시 증포동 475,996012.757974397,1921881.25525342,127.45501256648649,37.29587283409541
이천시,지엠하이빌,고담동,579,2006-08-23,10,6,276,Y,경기도 이천시 고담동 579,997630.201731602,1915850.87313836,127.47328114488043,37.2415203836377
이천시,진우,부발읍 신하리,365,2000-08-03,20,4,438,Y,경기도 이천시 부발읍 신하리 365,998311.683392493,1917882.66186393,127.48096006386794,37.2598365073788
이천시,진주아파트,부발읍 무촌리,산37-8,1989-04-04,5,1,102,N,경기도 이천시 부발읍 무촌리 산37-8,998999.195358601,1920581.95503984,127.48870982506038,37.28416896935786
이천시,진흥맨션,장호원읍 진암리,17593,1985-12-30,3,4,71,N,경기도 이천시 장호원읍 진암리 17593,,,,
이천시,창전현대1차,창전동,17899,1985-08-13,13,2,210,Y,경기도 이천시 창전동 17899,,,,
이천시,창전현대2차,창전동,44563,1991-06-29,15,2,194,Y,경기도 이천시 창전동 44563,,,,
이천시,청구,부발읍 신하리,559-3,1999-12-20,20,5,304,Y,경기도 이천시 부발읍 신하리 559-3,998523.08818521,1917551.74810284,127.48334483125983,37.25685399834945
이천시,청자아파트,창전동,417-2,1986-07-03,5,3,100,N,경기도 이천시 창전동 417-2,994748.006050974,1920741.7849581,127.44075062757652,37.28559538555491
이천시,코아루 2단지(장호원코아루아파트),장호원읍,진암리 781,2009-12-30,14,1,27,N,경기도 이천시 장호원읍 진암리 781,1010300.30944144,1901672.87030217,127.61593772567008,37.1136639410499
이천시,큰산아파트,갈산동,222,2000-08-19,5,5,100,N,경기도 이천시 갈산동 222,997175.257908087,1921079.51244813,127.4681319191632,37.28865019690074
이천시,타미나홈스,창전동,419,2012-12-12,10,1,68,N,경기도 이천시 창전동 419,994749.662843208,1920638.86327525,127.44077004546662,37.2846676598636
이천시,태성국민주택,중리동,445-8,1986-01-20,3,2,45,N,경기도 이천시 중리동 445-8,994513.254872637,1919723.21343483,127.43810984651172,37.27641263060395
이천시,풍산,송정동,107-48,1997-08-14,17,3,298,Y,경기도 이천시 송정동 107-48,994814.546779677,1921866.31798971,127.4414934453424,37.29573227932742
이천시,풍전연립주택,신둔면 수광리,152-1,1986-08-19,3,5,93,N,경기도 이천시 신둔면 수광리 152-1,991535.84359489,1923044.71591501,127.40448702160255,37.306330241844584
이천시,하이닉스사원,부발읍 아미리,147-3,1987-07-31,5,9,420,N,경기도 이천시 부발읍 아미리 147-3,,,,
이천시,한마음아파트,관고동,503,1989-10-05,5,1,35,N,경기도 이천시 관고동 503,994355.998586286,1919925.20594288,127.43633447266612,37.278232450695334
이천시,한성빌라,부발읍 신하리,396,1985-11-25,3,4,126,N,경기도 이천시 부발읍 신하리 396,997710.948216929,1917908.09041226,127.47418521460584,37.2600644378624
이천시,한솔 솔파크2차,증포동,478,2007-11-30,20,1,69,N,경기도 이천시 증포동 478,996077.467678343,1921712.66534419,127.45574356610736,37.29435344376501
이천시,한솔솔파크3차,증포동,479,2010-01-14,15,6,234,Y,경기도 이천시 증포동 479,996176.13419961,1922039.25764694,127.45685510118643,37.29729775001404
이천시,한솔스파빌1차,창전동,470-16,2003-10-21,13,1,26,N,경기도 이천시 창전동 470-16,995518.525111027,1919852.40458001,127.44944845084405,37.277582545302025
이천시,한솔스파빌2차,창전동,469-6,2003-10-21,13,1,47,N,경기도 이천시 창전동 469-6,995544.473463663,1919891.76541411,127.4497409152339,37.27793746860251
이천시,한솔아파트,신둔면 남정리,371-1,1995-06-19,10,1,20,N,경기도 이천시 신둔면 남정리 371-1,991770.078821872,1924269.76037328,127.40711663980795,37.31737482573051
이천시,한솔파크빌,창전동,466-7외 1필지,2014-02-18,10,1,36,N,경기도 이천시 창전동 466-7외 1필지,995554.755552838,1920032.07982927,127.44985605987432,37.27920231215482
이천시,한신1차아파트,창전동,410,1992-02-11,12,1,68,N,경기도 이천시 창전동 410,994595.886464674,1920660.20939148,127.43903511341483,37.284859192805826
이천시,해원빌라,부발읍 무촌리,산48-5,1986-07-04,3,3,48,N,경기도 이천시 부발읍 무촌리 산48-5,998605.548325584,1920512.65865208,127.48426918456754,37.28354382509572
이천시,해원주택,대월면 사동리,347-136,1985-11-14,3,2,24,N,경기도 이천시 대월면 사동리 347-136,999596.854345048,1915946.17037403,127.49545458647032,37.24238232574336
이천시,해피트리트리빌1단지,부발읍 아미리,730,2014-12-30,33,1,299,Y,경기도 이천시 부발읍 아미리 730,999170.449426045,1917254.26510291,127.49064547041347,37.25417327648271
이천시,해피트리트리빌2단지,부발읍 아미리,729,2014-12-30,33,1,155,Y,경기도 이천시 부발읍 아미리 729,999192.874299858,1917184.44436597,127.49089842298356,37.253543929087094
이천시,향림주택,사음동,24,1986-01-13,3,3,62,N,경기도 이천시 사음동 24,993530.759646073,1922635.62277746,127.42700200974862,37.30265872042045
이천시,현광아파트,부발읍 마암리,44562,1995-12-09,15,2,134,N,경기도 이천시 부발읍 마암리 44562,,,,
이천시,현대,장호원읍 진암리,17-18,1997-07-03,22,4,362,Y,경기도 이천시 장호원읍 진암리 17-18,1010519.86136926,1901744.10630179,127.61840994277674,37.11430363704515
이천시,현대5차,대월면 사동리,386-72,1997-11-25,19,4,296,Y,경기도 이천시 대월면 사동리 386-72,999701.108186711,1916650.50718451,127.49662975192052,37.248731296102214
이천시,현대6차,대월면 사동리,465,1999-03-27,18,5,346,Y,경기도 이천시 대월면 사동리 465,999876.841724072,1916578.59080823,127.49861130225375,37.24808307802836
이천시,현대성우1단지,부발읍 아미리,1244,2010-02-26,20,4,237,Y,경기도 이천시 부발읍 아미리 1244,999172.772364583,1917398.70544562,127.49067150478125,37.25547526975176
이천시,현대성우2단지,부발읍 아미리,1245,2010-02-26,20,8,503,Y,경기도 이천시 부발읍 아미리 1245,999321.833685171,1917250.26590159,127.49235257735222,37.254137350074586
이천시,현대성우3단지,부발읍 아미리,1246,2010-02-26,20,5,355,Y,경기도 이천시 부발읍 아미리 1246,999413.454329686,1916788.02493725,127.49338611260198,37.24997075120976
이천시,현대성우4단지,부발읍 아미리,1247,2010-02-26,20,5,354,Y,경기도 이천시 부발읍 아미리 1247,999459.254929861,1916667.38993701,127.49390264766423,37.248883369063726
이천시,현대전자아파트,대월면 사동리,441-1,1994-10-28,15,11,1110,Y,경기도 이천시 대월면 사동리 441-1,998516.590044675,1916202.05157341,127.48327424105841,37.24468775988262
이천시,현대직장조합(창전현대아파트),창전동,495-2,1992-02-14,14,1,77,N,경기도 이천시 창전동 495-2,995905.727284942,1920484.62499386,127.45381265209558,37.283283164230525
이천시,현진에버빌1차,송정동,445,2005-10-28,15,4,326,Y,경기도 이천시 송정동 445,995145.161177876,1921013.3634744,127.44522928153226,37.28804554898685
이천시,현진에버빌2차,사음동,748,2006-04-27,18,2,137,N,경기도 이천시 사음동 748,992199.358288241,1921984.32753528,127.41198552168201,37.296777749993964
이천시,호반베르디움B3더퍼스트,마장면 오천리,422,2019-07-31,18,8,442,Y,경기도 이천시 마장면 오천리 422,,,,
이천시,호반베르디움B4더퍼스트,마장면 오천리,413,2019-09-18,18,9,533,Y,경기도 이천시 마장면 오천리 413,,,,
이천시,효양,부발읍 무촌리,128-6,2003-05-19,15,5,308,Y,경기도 이천시 부발읍 무촌리 128-6,998603.983923045,1919954.999417,127.48425258385488,37.27851708184929
